journal_name,issn,eissn
CA-A CANCER JOURNAL FOR CLINICIANS,0007-9235,1542-4863
NATURE REVIEWS MICROBIOLOGY,1740-1526,1740-1534
NATURE REVIEWS DRUG DISCOVERY,1474-1776,1474-1784
NATURE REVIEWS MOLECULAR CELL BIOLOGY,1471-0072,1471-0080
Kidney International Supplements,2157-1724,2157-1716
LANCET,0140-6736,1474-547X
Nature Reviews Clinical Oncology,1759-4774,1759-4782
NEW ENGLAND JOURNAL OF MEDICINE,0028-4793,1533-4406
NATURE REVIEWS CANCER,1474-175X,1474-1768
World Psychiatry,1723-8617,2051-5545
ANNALS OF ONCOLOGY,0923-7534,1569-8041
NATURE REVIEWS IMMUNOLOGY,1474-1733,1474-1741
Nature Reviews Disease Primers,2056-676X,2056-676X
MMWR Recommendations and Reports,1057-5987,1545-8601
JAMA-JOURNAL OF THE AMERICAN MEDICAL ASSOCIATION,0098-7484,1538-3598
Signal Transduction and Targeted Therapy,2095-9907,2059-3635
NATURE REVIEWS GENETICS,1471-0056,1471-0064
Nature Reviews Gastroenterology & Hepatology,1759-5045,1759-5053
NATURE MEDICINE,1078-8956,1546-170X
MMWR Surveillance Summaries,1545-8636,1545-8636
LANCET NEUROLOGY,1474-4422,1474-4465
CANCER CELL,1535-6108,1878-3686
Nature Reviews Cardiology,1759-5002,1759-5010
BMJ-British Medical Journal,0959-535X,1756-1833
CELL,0092-8674,1097-4172
JOURNAL OF CLINICAL ONCOLOGY,0732-183X,1527-7755
Lancet Diabetes & Endocrinology,2213-8587,2213-8595
NATURE BIOTECHNOLOGY,1087-0156,1546-1696
Journal of Hematology & Oncology,,1756-8722
Nature Reviews Endocrinology,1759-5029,1759-5037
Nature Reviews Nephrology,1759-5061,1759-507X
CIRCULATION,0009-7322,1524-4539
Lancet Gastroenterology & Hepatology,,2468-1253
LANCET ONCOLOGY,1470-2045,1474-5488
EUROPEAN HEART JOURNAL,0195-668X,1522-9645
Annual Review of Pathology-Mechanisms of Disease,1553-4006,1553-4014
Molecular Cancer,,1476-4598
Cancer Discovery,2159-8274,2159-8290
Annual Review of Immunology,0732-0582,1545-3278
iMeta,2770-5986,2770-596X
Nature Reviews Neurology,1759-4758,1759-4766
JOURNAL OF HEPATOLOGY,0168-8278,1600-0641
Lancet Respiratory Medicine,2213-2600,
Nature Reviews Rheumatology,1759-4790,1759-4804
NATURE METHODS,1548-7091,1548-7105
LANCET INFECTIOUS DISEASES,1473-3099,1474-4457
Cell Metabolism,1550-4131,1932-7420
NATURE GENETICS,1061-4036,1546-1718
Physiological Reviews,0031-9333,1522-1210
Nature Cancer,,2662-1347
NATURE IMMUNOLOGY,1529-2908,1529-2916
Wiley Interdisciplinary Reviews-Computational Molecular Science,1759-0876,1759-0884
NATURE REVIEWS NEUROSCIENCE,1471-003X,1471-0048
Annual Review of Plant Biology,1543-5008,1545-2123
Immunity,1074-7613,1097-4180
CELL RESEARCH,1001-0602,1748-7838
GUT,0017-5749,1468-3288
EUROPEAN UROLOGY,0302-2838,1873-7560
Lancet Public Health,2468-2667,2468-2667
Gastroenterology,0016-5085,1528-0012
Cancer Communications,,2523-3548
Lancet Psychiatry,2215-0374,
FUNGAL DIVERSITY,1560-2745,1878-9129
Lancet Digital Health,,2589-7500
Molecular Plant,1674-2052,1752-9867
JAMA Internal Medicine,2168-6106,2168-6114
BLOOD,0006-4971,1528-0020
Military Medical Research,2095-7467,2054-9369
JOURNAL OF THE AMERICAN COLLEGE OF CARDIOLOGY,0735-1097,1558-3597
Annual Review of Medicine,0066-4219,1545-326X
ENDOCRINE REVIEWS,0163-769X,1945-7189
DRUG RESISTANCE UPDATES,1368-7646,1532-2084
Lancet Planetary Health,,2542-5196
JAMA Neurology,2168-6149,2168-6157
INTENSIVE CARE MEDICINE,0342-4642,1432-1238
EUROPEAN RESPIRATORY JOURNAL,0903-1936,1399-3003
AMERICAN JOURNAL OF BIOETHICS,1526-5161,1536-0075
Nature Metabolism,,2522-5812
Journal of Thoracic Oncology,1556-0864,1556-1380
TRENDS IN PLANT SCIENCE,1360-1385,1878-4372
Annual Review of Public Health,0163-7525,1545-2093
ANNALS OF THE RHEUMATIC DISEASES,0003-4967,1468-2060
Annual Review of Biochemistry,0066-4154,1545-4509
Cell Stem Cell,1934-5909,1875-9777
Lancet Microbe,,2666-5247
JAMA Oncology,2374-2437,2374-2445
NATURE NEUROSCIENCE,1097-6256,1546-1726
TRENDS IN PHARMACOLOGICAL SCIENCES,0165-6147,1873-3735
Cellular & Molecular Immunology,1672-7681,2042-0226
Nature Microbiology,2058-5276,2058-5276
AMERICAN JOURNAL OF RESPIRATORY AND CRITICAL CARE MEDICINE,1073-449X,1535-4970
Nature Aging,,2662-8465
CLINICAL MICROBIOLOGY REVIEWS,0893-8512,1098-6618
NATURE CELL BIOLOGY,1465-7392,1476-4679
Annual Review of Physiology,0066-4278,1545-1585
Annual Review of Marine Science,1941-1405,1941-0611
Cell Host & Microbe,1931-3128,1934-6069
TRENDS IN CELL BIOLOGY,0962-8924,1879-3088
JAMA Pediatrics,2168-6203,2168-6211
Lancet Global Health,2214-109X,2214-109X
Lancet Haematology,2352-3026,
ADVANCED DRUG DELIVERY REVIEWS,0169-409X,1872-8294
Molecular Neurodegeneration,,1750-1326
Trends in Cancer,2405-8033,2405-8025
PSYCHOTHERAPY AND PSYCHOSOMATICS,0033-3190,1423-0348
MMWR-MORBIDITY AND MORTALITY WEEKLY REPORT,0149-2195,1545-861X
PHARMACOLOGICAL REVIEWS,0031-6997,1521-0081
TRENDS IN ECOLOGY & EVOLUTION,0169-5347,1872-8383
TRENDS IN COGNITIVE SCIENCES,1364-6613,1879-307X
STUDIES IN MYCOLOGY,0166-0616,1872-9797
JAMA Psychiatry,2168-622X,2168-6238
Clinical and Molecular Hepatology,2287-2728,2287-285X
Annual Review of Entomology,0066-4170,1545-4487
DIABETES CARE,0149-5992,1935-5548
Molecular Cell,1097-2765,1097-4164
CANCER RESEARCH,0008-5472,1538-7445
Lancet Rheumatology,2665-9913,2665-9913
Journal of the National Comprehensive Cancer Network,1540-1405,1540-1413
Science Immunology,2470-9468,2470-9468
TRENDS IN GENETICS,0168-9525,1362-4555
BRITISH JOURNAL OF SPORTS MEDICINE,0306-3674,1473-0480
CIRCULATION RESEARCH,0009-7330,1524-4571
HUMAN REPRODUCTION UPDATE,1355-4786,1460-2369
Nature Protocols,1754-2189,1750-2799
Nature Human Behaviour,2397-3374,2397-3374
HEPATOLOGY,0270-9139,1527-3350
PERIODONTOLOGY 2000,0906-6713,1600-0757
SEMINARS IN CANCER BIOLOGY,1044-579X,1096-3650
Lancet Child & Adolescent Health,2352-4642,2352-4642
CELL DEATH AND DIFFERENTIATION,1350-9047,1476-5403
RADIOLOGY,0033-8419,
ANNALS OF INTERNAL MEDICINE,0003-4819,1539-3704
JACC-Cardiovascular Imaging,1936-878X,1876-7591
Translational Neurodegeneration,2047-9158,2047-9158
Mycosphere,2077-7000,2077-7019
npj Digital Medicine,2398-6352,2398-6352
TRENDS IN NEUROSCIENCES,0166-2236,1878-108X
Neuron,0896-6273,1097-4199
Bone Research,2095-4700,2095-6231
JAMA Surgery,2168-6254,2168-6262
PROGRESS IN LIPID RESEARCH,0163-7827,1873-2194
TRENDS IN BIOTECHNOLOGY,0167-7799,1879-3096
TRENDS IN MICROBIOLOGY,0966-842X,1878-4380
International Journal of Transgender Health,2689-5269,2689-5277
PROGRESS IN RETINAL AND EYE RESEARCH,1350-9462,1873-1635
AMERICAN JOURNAL OF PSYCHIATRY,0002-953X,1535-7228
ENDOCRINE PATHOLOGY,1046-3976,1559-0097
Acta Pharmaceutica Sinica B,2211-3835,2211-3843
Science Translational Medicine,1946-6234,1946-6242
Lancet Healthy Longevity,2666-7568,2666-7568
Nature Reviews Urology,1759-4812,1759-4820
HemaSphere,,2572-9241
Nature Ecology & Evolution,2397-334X,2397-334X
Journal of Extracellular Vesicles,,2001-3078
DRUGS,0012-6667,1179-1950
Physics of Life Reviews,1571-0645,1873-1457
Autophagy,1554-8627,1554-8635
JAMA Cardiology,2380-6583,2380-6591
TRENDS IN IMMUNOLOGY,1471-4906,1471-4981
TRENDS IN MOLECULAR MEDICINE,1471-4914,1471-499X
BEHAVIORAL AND BRAIN SCIENCES,0140-525X,1469-1825
Nature Chemical Biology,1552-4450,1552-4469
Annual Review of Biophysics,1936-122X,1936-1238
Nature Plants,2055-026X,2055-0278
JOURNAL OF CLINICAL INVESTIGATION,0021-9738,1558-8238
Interdisciplinary Medicine,2832-6237,2832-6245
Experimental Hematology & Oncology,,2162-3619
NEURO-ONCOLOGY,1522-8517,1523-5866
Implementation Science,1748-5908,1748-5908
LEUKEMIA,0887-6924,1476-5551
Annual Review of Nutrition,0199-9885,1545-4312
Theranostics,1838-7640,1838-7640
CARDIOVASCULAR RESEARCH,0008-6363,1755-3245
Radiology-Artificial Intelligence,2638-6100,2638-6100
Annual Review of Neuroscience,0147-006X,1545-4126
NUCLEIC ACIDS RESEARCH,0305-1048,1362-4962
Annual Review of Pharmacology and Toxicology,0362-1642,1545-4304
Lancet Regional Health-Europe,2666-7762,2666-7762
Lancet HIV,2352-3018,2352-3018
EXPERIMENTAL AND MOLECULAR MEDICINE,1226-3613,2092-6413
ENDOSCOPY,0013-726X,1438-8812
JACC: CardioOncology,2666-0873,2666-0873
JOURNAL OF EXPERIMENTAL & CLINICAL CANCER RESEARCH,,1756-9966
Protein & Cell,1674-800X,1674-8018
Microbiome,2049-2618,2049-2618
KIDNEY INTERNATIONAL,0085-2538,1523-1755
Analytic Methods in Accident Research,2213-6657,2213-6665
JOURNAL OF NANOBIOTECHNOLOGY,,1477-3155
TRENDS IN ENDOCRINOLOGY AND METABOLISM,1043-2760,1879-3061
PHARMACOLOGY & THERAPEUTICS,0163-7258,1879-016X
Cell Discovery,,2056-5968
BIOTECHNOLOGY ADVANCES,0734-9750,1873-1899
AGEING RESEARCH REVIEWS,1568-1637,1872-9649
FEMS MICROBIOLOGY REVIEWS,0168-6445,1574-6976
International Journal of Oral Science,1674-2818,2049-3169
JOURNAL OF BIOMEDICAL SCIENCE,1021-7770,1423-0127
MOLECULAR THERAPY,1525-0016,1525-0024
Clinical Gastroenterology and Hepatology,1542-3565,1542-7714
GLOBAL CHANGE BIOLOGY,1354-1013,1365-2486
ALLERGY,0105-4538,1398-9995
METABOLISM-CLINICAL AND EXPERIMENTAL,0026-0495,1532-8600
Redox Biology,2213-2317,2213-2317
Asian Journal of Pharmaceutical Sciences,1818-0876,1818-0876
JOURNAL OF INFECTION,0163-4453,1532-2742
Annual Review of Phytopathology,0066-4286,1545-2107
JOURNAL OF THE AMERICAN ACADEMY OF DERMATOLOGY,0190-9622,1097-6787
Med,2666-6340,2666-6340
JACC-Heart Failure,2213-1779,2213-1787
MEDICAL IMAGE ANALYSIS,1361-8415,1361-8423
CYTOKINE & GROWTH FACTOR REVIEWS,1359-6101,1879-0305
BRAIN,0006-8950,1460-2156
BIOLOGICAL REVIEWS,1464-7931,1469-185X
Blood Cancer Journal,2044-5385,2044-5385
PLANT CELL,1040-4651,1532-298X
Plant Communications,2590-3462,2590-3462
MEDICINAL RESEARCH REVIEWS,0198-6325,1098-1128
Blood Cancer Discovery,2643-3230,2643-3249
JOURNAL OF CONTROLLED RELEASE,0168-3659,1873-4995
Biomarker Research,,2050-7771
JACC-Cardiovascular Interventions,1936-8798,1876-7605
Evidence-Based Mental Health,1362-0347,1468-960X
Annual Review of Cell and Developmental Biology,1081-0706,1530-8995
Annual Review of Ecology Evolution and Systematics,1543-592X,1545-2069
CANADIAN MEDICAL ASSOCIATION JOURNAL,0820-3946,1488-2329
JAMA Health Forum,2689-0186,2689-0186
CLINICAL REVIEWS IN ALLERGY & IMMUNOLOGY,1080-0549,1559-0267
Genome Medicine,1756-994X,1756-994X
JOURNAL OF ALLERGY AND CLINICAL IMMUNOLOGY,0091-6749,1097-6825
Alzheimers & Dementia,1552-5260,1552-5279
Human Reproduction Open,,2399-3529
JAMA Dermatology,2168-6068,2168-6084
Gut Microbes,1949-0976,1949-0984
Current Obesity Reports,2162-4968,2162-4968
TRENDS IN BIOCHEMICAL SCIENCES,0968-0004,1362-4326
Arthritis & Rheumatology,2326-5191,2326-5205
EUROPEAN JOURNAL OF HEART FAILURE,1388-9842,1879-0844
Nature Cardiovascular Research,,2731-0590
EBioMedicine,2352-3964,2352-3964
MedComm,,2688-2663
JOURNAL OF EXPERIMENTAL MEDICINE,0022-1007,1540-9538
Cardiovascular Diabetology,,1475-2840
Cell Reports Medicine,2666-3791,2666-3791
Journal for ImmunoTherapy of Cancer,,2051-1426
NATURAL PRODUCT REPORTS,0265-0568,1460-4752
REVIEWS IN ENVIRONMENTAL SCIENCE AND BIO-TECHNOLOGY,1569-1705,1572-9826
PHARMACOLOGICAL RESEARCH,1043-6618,1096-1186
BIOSENSORS & BIOELECTRONICS,0956-5663,1873-4235
PLANT BIOTECHNOLOGY JOURNAL,1467-7644,1467-7652
CANCER TREATMENT REVIEWS,0305-7372,1532-1967
European Respiratory Review,0905-9180,1600-0617
Journal of Sport and Health Science,2095-2546,2213-2961
MOLECULAR ASPECTS OF MEDICINE,0098-2997,1872-9452
PHYSIOLOGY,1548-9213,1548-9221
CLINICAL CANCER RESEARCH,1078-0432,1557-3265
DIABETOLOGIA,0012-186X,1432-0428
CELLULAR & MOLECULAR BIOLOGY LETTERS,1425-8153,1689-1392
International Journal of Surgery,1743-9191,1743-9159
NATURE STRUCTURAL & MOLECULAR BIOLOGY,1545-9993,1545-9985
CANCER LETTERS,0304-3835,1872-7980
MOLECULAR PSYCHIATRY,1359-4184,1476-5578
Journal of Neuroinflammation,,1742-2094
Cold Spring Harbor Perspectives in Medicine,2157-1422,2157-1422
Molecular Biomedicine,,2662-8651
BMJ Medicine,,2754-0413
ISME Journal,1751-7362,1751-7370
EClinicalMedicine,,2589-5370
International Journal of Biological Sciences,1449-2288,1449-2288
PLOS MEDICINE,1549-1277,1549-1676
AMERICAN JOURNAL OF HEMATOLOGY,0361-8609,1096-8652
Annual Review of Microbiology,0066-4227,1545-3251
ENVIRONMENTAL HEALTH PERSPECTIVES,0091-6765,1552-9924
IEEE TRANSACTIONS ON MEDICAL IMAGING,0278-0062,1558-254X
Circulation-Arrhythmia and Electrophysiology,1941-3149,1941-3084
Food Chemistry,0308-8146,1873-7072
JAMA Network Open,2574-3805,2574-3805
SLEEP MEDICINE REVIEWS,1087-0792,1532-2955
BRITISH JOURNAL OF DERMATOLOGY,0007-0963,1365-2133
Burns & Trauma,2321-3868,2321-3876
AMERICAN JOURNAL OF PUBLIC HEALTH,0090-0036,1541-0048
Cell Death & Disease,2041-4889,2041-4889
CLINICAL NUCLEAR MEDICINE,0363-9762,1536-0229
OPHTHALMOLOGY,0161-6420,1549-4713
JOURNAL OF THE AMERICAN ACADEMY OF CHILD AND ADOLESCENT PSYCHIATRY,0890-8567,1527-5418
EuroIntervention,1774-024X,1969-6213
Science China-Life Sciences,1674-7305,1869-1889
JOURNAL OF THE AMERICAN SOCIETY OF NEPHROLOGY,1046-6673,1533-3450
Journal of Physiotherapy,1836-9553,1836-9561
GENOME BIOLOGY,1474-760X,1474-760X
SPORTS MEDICINE,0112-1642,1179-2035
Journal of the National Cancer Center,2667-0054,2667-0054
Cochrane Database of Systematic Reviews,1469-493X,1361-6137
Genes & Diseases,2352-4820,2352-3042
ACTA NEUROPATHOLOGICA,0001-6322,1432-0533
European Urology Oncology,,2588-9311
CRITICAL CARE,1364-8535,1466-609X
Journal of Integrative Plant Biology,1672-9072,1744-7909
JAMA Ophthalmology,2168-6165,2168-6173
BRITISH JOURNAL OF ANAESTHESIA,0007-0912,1471-6771
LANDSCAPE AND URBAN PLANNING,0169-2046,1872-6062
npj Biofilms and Microbiomes,,2055-5008
ANGIOGENESIS,0969-6970,1573-7209
JOURNAL OF INTERNAL MEDICINE,0954-6820,1365-2796
ARCHIVOS DE BRONCONEUMOLOGIA,0300-2896,1579-2129
Seminars in Immunopathology,1863-2297,1863-2300
Advances in Nutrition,2161-8313,2156-5376
ANESTHESIOLOGY,0003-3022,1528-1175
JOURNAL OF NUCLEAR MEDICINE,0161-5505,1535-5667
Journal of Cachexia Sarcopenia and Muscle,2190-5991,2190-6009
Current Environmental Health Reports,,2196-5412
Liver Cancer,2235-1795,1664-5553
TRENDS IN CARDIOVASCULAR MEDICINE,1050-1738,1873-2615
Osteoarthritis and Cartilage,1063-4584,1522-9653
Biological Psychiatry,0006-3223,1873-2402
Alcohol Research-Current Reviews,1535-7414,1930-0573
Cell Genomics,2666-979X,2666-979X
BIORESOURCE TECHNOLOGY,0960-8524,1873-2976
STROKE,0039-2499,1524-4628
Journal of Pharmaceutical Analysis,2095-1779,2214-0883
Dialogues in Clinical Neuroscience,1294-8322,1958-5969
Cell Communication and Signaling,,1478-811X
AMERICAN JOURNAL OF CLINICAL DERMATOLOGY,1175-0561,1179-1888
BJS-British Journal of Surgery,0007-1323,1365-2168
CRITICAL REVIEWS IN FOOD SCIENCE AND NUTRITION,1040-8398,1549-7852
Annual Review of Animal Biosciences,2165-8102,2165-8110
Nature Mental Health,,2731-6076
DEVELOPMENTAL CELL,1534-5807,1878-1551
Journal of Crohns & Colitis,1873-9946,1876-4479
International Journal of Stroke,1747-4930,1747-4949
CANCER AND METASTASIS REVIEWS,0167-7659,1573-7233
CHEST,0012-3692,1931-3543
Journal of Stroke,2287-6391,2287-6405
Annual Review of Genetics,0066-4197,1545-2948
NEUROLOGY,0028-3878,1526-632X
CLINICAL MICROBIOLOGY AND INFECTION,1198-743X,1469-0691
Horticulture Research,2662-6810,2052-7276
MEDICAL JOURNAL OF AUSTRALIA,0025-729X,1326-5377
International Journal of Biological Macromolecules,0141-8130,1879-0003
Diabetes & Metabolism Journal,2233-6079,2233-6087
AMERICAN JOURNAL OF OBSTETRICS AND GYNECOLOGY,0002-9378,1097-6868
Circulation-Heart Failure,1941-3289,1941-3297
Brain Stimulation,1935-861X,1876-4754
ACTA PHARMACOLOGICA SINICA,1671-4083,1745-7254
Cold Spring Harbor Perspectives in Biology,1943-0264,1943-0264
Cancer Biology & Medicine,2095-3941,2095-3941
Integrated Environmental Assessment and Management,1551-3777,1551-3793
PHYTOMEDICINE,0944-7113,1618-095X
BMC Medicine,1741-7015,1741-7015
EMBO Molecular Medicine,1757-4676,1757-4684
Annual Review of Virology,2327-056X,2327-0578
EMBO JOURNAL,0261-4189,1460-2075
ESMO Open,,2059-7029
AUTOIMMUNITY REVIEWS,1568-9972,1873-0183
BIOCHIMICA ET BIOPHYSICA ACTA-REVIEWS ON CANCER,0304-419X,1879-2561
IMMUNOLOGICAL REVIEWS,0105-2896,1600-065X
AMERICAN JOURNAL OF KIDNEY DISEASES,0272-6386,1523-6838
AMERICAN JOURNAL OF TRANSPLANTATION,1600-6135,1600-6143
Particle and Fibre Toxicology,1743-8977,1743-8977
Environmental Chemistry and Ecotoxicology,,2590-1826
npj Parkinsons Disease,,2373-8057
HYPERTENSION,0194-911X,1524-4563
Cancer Immunology Research,2326-6066,2326-6074
JOURNAL OF CARDIAC FAILURE,1071-9164,1532-8414
FREE RADICAL BIOLOGY AND MEDICINE,0891-5849,1873-4596
Wiley Interdisciplinary Reviews-Nanomedicine and Nanobiotechnology,1939-5116,1939-0041
HEALTH AFFAIRS,0278-2715,0278-2715
Lancet Regional Health-Western Pacific,,2666-6065
AMERICAN JOURNAL OF HUMAN GENETICS,0002-9297,1537-6605
DRUG DELIVERY,1071-7544,1521-0464
NEW PHYTOLOGIST,0028-646X,1469-8137
Diagnostic and Interventional Imaging,2211-5684,2211-5684
Tumour Virus Research,2666-6790,2666-6790
Current Pollution Reports,2198-6592,2198-6592
Molecular Horticulture,2730-9401,2730-9401
JOURNAL OF TOXICOLOGY AND ENVIRONMENTAL HEALTH-PART B-CRITICAL REVIEWS,1093-7404,1521-6950
APOPTOSIS,1360-8185,1573-675X
INVESTIGATIVE RADIOLOGY,0020-9996,1536-0210
BASIC RESEARCH IN CARDIOLOGY,0300-8428,1435-1803
JOURNAL OF THE EUROPEAN ACADEMY OF DERMATOLOGY AND VENEREOLOGY,0926-9959,1468-3083
REVIEWS IN ENDOCRINE & METABOLIC DISORDERS,1389-9155,1573-2606
npj Precision Oncology,,2397-768X
ACM Transactions on Computing for Healthcare,2691-1957,2637-8051
GENOMICS PROTEOMICS & BIOINFORMATICS,1672-0229,2210-3244
ECOLOGY LETTERS,1461-023X,1461-0248
JOURNAL OF HEADACHE AND PAIN,1129-2369,1129-2377
HAEMATOLOGICA,0390-6078,1592-8721
BREAST,0960-9776,1532-3080
NEUROSCIENCE AND BIOBEHAVIORAL REVIEWS,0149-7634,1873-7528
Journal of Obesity & Metabolic Syndrome,2508-6235,2508-7576
Annual Review of Genomics and Human Genetics,1527-8204,1545-293X
Journal of Orthopaedic Translation,2214-031X,2214-031X
Eurosurveillance,1025-496X,1560-7917
JPAD-Journal of Prevention of Alzheimers Disease,2274-5807,2426-0266
Hepatobiliary Surgery and Nutrition,2304-3881,2304-389X
MICROBIOLOGY AND MOLECULAR BIOLOGY REVIEWS,1092-2172,1098-5557
SEMINARS IN IMMUNOLOGY,1044-5323,1096-3618
ANNALS OF NEUROLOGY,0364-5134,1531-8249
THORAX,0040-6376,1468-3296
PLOS Digital Health,,2767-3170
JACC-Clinical Electrophysiology,2405-500X,2405-5018
ENVIRONMENTAL RESEARCH,0013-9351,1096-0953
BRIEFINGS IN BIOINFORMATICS,1467-5463,1477-4054
BRITISH JOURNAL OF PHARMACOLOGY,0007-1188,1476-5381
INTERNATIONAL JOURNAL OF SUSTAINABLE DEVELOPMENT AND WORLD ECOLOGY,1350-4509,1745-2627
Molecular Systems Biology,1744-4292,1744-4292
GENES & DEVELOPMENT,0890-9369,1549-5477
Cell Systems,2405-4712,2405-4720
NEOPLASIA,1476-5586,1476-5586
Plant Nano Biology,,2773-1111
CLINICAL SCIENCE,0143-5221,1470-8736
CRITICAL REVIEWS IN BIOTECHNOLOGY,0738-8551,1549-7801
Lancet Regional Health-Americas,2667-193X,2667-193X
EUROPEAN JOURNAL OF NUCLEAR MEDICINE AND MOLECULAR IMAGING,1619-7070,1619-7089
Alzheimers Research & Therapy,,1758-9193
BRITISH JOURNAL OF PSYCHIATRY,0007-1250,1472-1465
BRAIN BEHAVIOR AND IMMUNITY,0889-1591,1090-2139
BIOSCIENCE,0006-3568,1525-3244
MOVEMENT DISORDERS,0885-3185,1531-8257
AMERICAN JOURNAL OF GASTROENTEROLOGY,0002-9270,1572-0241
FRONTIERS IN ECOLOGY AND THE ENVIRONMENT,1540-9295,1540-9309
PHYTOCHEMISTRY REVIEWS,1568-7767,1572-980X
BMJ Evidence-Based Medicine,2515-446X,2515-4478
npj Breast Cancer,,2374-4677
Mucosal Immunology,1933-0219,1935-3456
Sensors and Actuators Reports,2666-0539,2666-0539
PROGRESS IN CARDIOVASCULAR DISEASES,0033-0620,1873-1740
Animal Nutrition,2405-6383,2405-6545
JOURNAL OF NEUROLOGY NEUROSURGERY AND PSYCHIATRY,0022-3050,1468-330X
Neurology-Neuroimmunology & Neuroinflammation,2332-7812,2332-7812
Emerging Microbes & Infections,,2222-1751
European Journal of Preventive Cardiology,2047-4873,2047-4881
ECOLOGICAL MONOGRAPHS,0012-9615,1557-7015
JHEP Reports,,2589-5559
Journal of Translational Medicine,,1479-5876
BIOMEDICINE & PHARMACOTHERAPY,0753-3322,1950-6007
GASTROINTESTINAL ENDOSCOPY,0016-5107,1097-6779
CURRENT BIOLOGY,0960-9822,1879-0445
DIABETES,0012-1797,1939-327X
ARCHIVES OF PHARMACAL RESEARCH,0253-6269,1976-3786
DRUG DISCOVERY TODAY,1359-6446,1878-5832
CURRENT OPINION IN PLANT BIOLOGY,1369-5266,1879-0356
CURRENT OPINION IN MICROBIOLOGY,1369-5274,1879-0364
EUROPACE,1099-5129,1532-2092
Food Science and Human Wellness,,2213-4530
ARTERIOSCLEROSIS THROMBOSIS AND VASCULAR BIOLOGY,1079-5642,1524-4636
Cellular and Molecular Gastroenterology and Hepatology,2352-345X,2352-345X
Circulation-Cardiovascular Interventions,1941-7640,1941-7632
CNS DRUGS,1172-7047,1179-1934
CLINICAL NUTRITION,0261-5614,1532-1983
DIABETES RESEARCH AND CLINICAL PRACTICE,0168-8227,1872-8227
Obesity Reviews,1467-7881,1467-789X
Journal of Translational Internal Medicine,2450-131X,2224-4018
AMYLOID-JOURNAL OF PROTEIN FOLDING DISORDERS,1350-6129,1744-2818
REDOX REPORT,1351-0002,1743-2928
PERSOONIA,0031-5850,
CLINICAL INFECTIOUS DISEASES,1058-4838,1537-6591
Ecological Informatics,1574-9541,1878-0512
mAbs,1942-0862,1942-0870
ONCOGENE,0950-9232,1476-5594
Stem Cell Research & Therapy,,1757-6512
CHINESE MEDICAL JOURNAL,0366-6999,2542-5641
Pulse,2235-8676,2235-8668
JACC-Basic to Translational Science,2452-302X,2452-302X
JNCI-Journal of the National Cancer Institute,0027-8874,1460-2105
PLOS BIOLOGY,1544-9173,1545-7885
Cell Chemical Biology,2451-9456,2451-9448
INTERNATIONAL JOURNAL OF NURSING STUDIES,0020-7489,1873-491X
Clinical Journal of the American Society of Nephrology,1555-9041,1555-905X
INTERNATIONAL ENDODONTIC JOURNAL,0143-2885,1365-2591
JOURNAL OF THE ROYAL SOCIETY OF MEDICINE,0141-0768,1758-1095
Blood Advances,2473-9529,2473-9537
NEUROPSYCHOPHARMACOLOGY,0893-133X,1740-634X
Deutsches Arzteblatt International,1866-0452,1866-0452
EUROPEAN JOURNAL OF CANCER,0959-8049,1879-0852
AGING CELL,1474-9718,1474-9726
AGE AND AGEING,0002-0729,1468-2834
Environmental Technology & Innovation,2352-1864,2352-1864
Journal of Genetics and Genomics,1673-8527,1873-5533
Acta Ecologica Sinica,1872-2032,1872-2032
FERTILITY AND STERILITY,0015-0282,1556-5653
Circulation-Cardiovascular Imaging,1941-9651,1942-0080
JOURNAL OF CHILD PSYCHOLOGY AND PSYCHIATRY,0021-9630,1469-7610
JOURNAL OF AUTOIMMUNITY,0896-8411,1095-9157
Journal of Tissue Engineering,2041-7314,2041-7314
CURRENT OPINION IN STRUCTURAL BIOLOGY,0959-440X,1879-033X
Cell Death Discovery,,2058-7716
CURRENT OPINION IN BIOTECHNOLOGY,0958-1669,1879-0429
ANAESTHESIA,0003-2409,1365-2044
PLANT PHYSIOLOGY,0032-0889,1532-2548
Neurotherapeutics,1933-7213,1878-7479
AMERICAN JOURNAL OF CLINICAL NUTRITION,0002-9165,1938-3207
Plant Stress,2667-064X,2667-064X
MICROBIOLOGICAL RESEARCH,0944-5013,1618-0623
Aging and Disease,2152-5250,2152-5250
ARCHIVES OF TOXICOLOGY,0340-5761,1432-0738
Cell Reports,2211-1247,2211-1247
BIODRUGS,1173-8804,1179-190X
Intelligent Medicine,2667-1026,2667-1026
Chemical Biology Letters,,2347-9825
RHINOLOGY,0300-0729,0300-0729
Autism in Adulthood,2573-9581,2573-959X
International Forum of Allergy & Rhinology,2042-6976,2042-6984
JOURNAL OF CLINICAL PERIODONTOLOGY,0303-6979,1600-051X
JOURNAL OF UROLOGY,0022-5347,1527-3792
EUROPEAN JOURNAL OF VASCULAR AND ENDOVASCULAR SURGERY,1078-5884,1532-2165
EUROPEAN JOURNAL OF ANAESTHESIOLOGY,0265-0215,1365-2346
Photoacoustics,2213-5979,2213-5979
IEEE Journal of Biomedical and Health Informatics,2168-2194,2168-2208
METABOLIC ENGINEERING,1096-7176,1096-7184
Alzheimers & Dementia-Translational Research & Clinical Interventions,,2352-8737
Clinical and Translational Medicine,2001-1326,2001-1326
Current Opinion in Chemical Engineering,2211-3398,2211-3398
BRITISH JOURNAL OF CANCER,0007-0920,1532-1827
General Psychiatry,2096-5923,2517-729X
ALIMENTARY PHARMACOLOGY & THERAPEUTICS,0269-2813,1365-2036
THYROID,1050-7256,1557-9077
MAYO CLINIC PROCEEDINGS,0025-6196,1942-5546
Circulation-Cardiovascular Quality and Outcomes,1941-7705,1941-7713
EUROPEAN NEUROPSYCHOPHARMACOLOGY,0924-977X,1873-7862
EUROPEAN PSYCHIATRY,0924-9338,1778-3585
ALLERGOLOGY INTERNATIONAL,1323-8930,1440-1592
United European Gastroenterology Journal,2050-6406,2050-6414
Neural Regeneration Research,1673-5374,1876-7958
FRONTIERS IN NEUROENDOCRINOLOGY,0091-3022,1095-6808
Current Psychiatry Reports,1523-3812,1535-1645
EPILEPSIA,0013-9580,1528-1167
Japanese Dental Science Review,1882-7616,2213-6851
European Heart Journal-Cardiovascular Imaging,2047-2404,2047-2412
EMERGING INFECTIOUS DISEASES,1080-6040,1080-6059
Molecular Metabolism,2212-8778,2212-8778
Journal of Allergy and Clinical Immunology-In Practice,2213-2198,2213-2201
Ecosystem Services,2212-0416,2212-0416
Science Signaling,1945-0877,1937-9145
Antioxidants,,2076-3921
REVIEWS IN MEDICAL VIROLOGY,1052-9276,1099-1654
TRENDS IN PARASITOLOGY,1471-4922,1471-5007
Inflammation and Regeneration,,1880-8190
Reviews of Environmental Contamination and Toxicology,0179-5953,2197-6554
BMJ Quality & Safety,2044-5415,2044-5423
INTERNATIONAL JOURNAL OF RADIATION ONCOLOGY BIOLOGY PHYSICS,0360-3016,1879-355X
npj Vaccines,,2059-0105
npj Regenerative Medicine,,2057-3995
International Journal of Nanomedicine,1178-2013,1178-2013
Journal of Biological Engineering,1754-1611,1754-1611
MOLECULES AND CELLS,1016-8478,0219-1032
ANNALS OF SURGERY,0003-4932,1528-1140
PEDIATRICS,0031-4005,1098-4275
International Journal of Pharmaceutics-X,,2590-1567
Pulmonology,2531-0437,2531-0437
Plant Phenomics,2643-6515,2643-6515
AGRICULTURE ECOSYSTEMS & ENVIRONMENT,0167-8809,1873-2305
Oncogenesis,2157-9024,2157-9024
JOURNAL OF TRAVEL MEDICINE,1195-1982,1708-8305
MOLECULAR MEDICINE,1076-1551,1528-3658
JOURNAL OF CELL BIOLOGY,0021-9525,1540-8140
QJM-AN INTERNATIONAL JOURNAL OF MEDICINE,1460-2725,1460-2393
Current Diabetes Reports,1534-4827,1539-0829
CRITICAL REVIEWS IN BIOCHEMISTRY AND MOLECULAR BIOLOGY,1040-9238,1549-7798
Journal of Nursing Regulation,2155-8256,2155-8264
CLINICAL CHEMISTRY,0009-9147,1530-8561
JOURNAL OF PINEAL RESEARCH,0742-3098,1600-079X
ULTRASOUND IN OBSTETRICS & GYNECOLOGY,0960-7692,1469-0705
Korean Journal of Anesthesiology,2005-6419,2005-7563
DENTAL MATERIALS,0109-5641,1879-0097
COMPUTERS IN BIOLOGY AND MEDICINE,0010-4825,1879-0534
Emergencias,1137-6821,2386-5857
Plant Diversity,2096-2703,2468-2659
Diabetes Technology & Therapeutics,1520-9156,1557-8593
PLANT CELL AND ENVIRONMENT,0140-7791,1365-3040
ECOLOGICAL ECONOMICS,0921-8009,1873-6106
Communications Medicine,2730-664X,2730-664X
RESPIROLOGY,1323-7799,1440-1843
NEURAL NETWORKS,0893-6080,1879-2782
Environment & Health,2833-8278,2833-8278
OncoImmunology,2162-402X,2162-402X
PHYTOTHERAPY RESEARCH,0951-418X,1099-1573
Radiology-Imaging Cancer,2638-616X,2638-616X
Chinese Journal of Cancer Research,1000-9604,1993-0631
Epilepsy Currents,1535-7597,1535-7511
CLADISTICS,0748-3007,1096-0031
Horticultural Plant Journal,2095-9885,2468-0141
ACCIDENT ANALYSIS AND PREVENTION,0001-4575,1879-2057
GENETICS IN MEDICINE,1098-3600,1530-0366
Lancet Regional Health - Southeast Asia,2772-3682,2772-3682
Environmental DNA,2637-4943,2637-4943
Translational Psychiatry,2158-3188,2158-3188
Methods in Ecology and Evolution,2041-210X,2041-2096
BRAIN PATHOLOGY,1015-6305,1750-3639
Journal of Behavioral Addictions,2062-5871,2063-5303
IMA Fungus,2210-6340,2210-6359
Fluids and Barriers of the CNS,2045-8118,2045-8118
JMIR mHealth and uHealth,2291-5222,2291-5222
Pneumonia,2200-6133,2200-6133
Phenomics,2730-583X,2730-5848
PSYCHIATRY AND CLINICAL NEUROSCIENCES,1323-1316,1440-1819
Artificial Intelligence in Medicine,0933-3657,1873-2860
EMBO REPORTS,1469-221X,1469-3178
Cell and Bioscience,,2045-3701
Cell Surface,2468-2330,2468-2330
CELLULAR AND MOLECULAR LIFE SCIENCES,1420-682X,1420-9071
HUMAN REPRODUCTION,0268-1161,1460-2350
BEST PRACTICE & RESEARCH CLINICAL ENDOCRINOLOGY & METABOLISM,1521-690X,1532-1908
JCI Insight,,2379-3708
BMJ Global Health,2059-7908,2059-7908
European Heart Journal-Cardiovascular Pharmacotherapy,2055-6837,2055-6845
Epidemiology and Psychiatric Sciences,2045-7960,2045-7979
AMERICAN JOURNAL OF ROENTGENOLOGY,0361-803X,1546-3141
Molecular Therapy Nucleic Acids,2162-2531,2162-2531
ISME Communications,,2730-6151
Hepatology International,1936-0533,1936-0541
ECOTOXICOLOGY AND ENVIRONMENTAL SAFETY,0147-6513,1090-2414
JOURNAL OF CARDIOVASCULAR MAGNETIC RESONANCE,1097-6647,1532-429X
BioData Mining,1756-0381,1756-0381
Research Synthesis Methods,1759-2879,1759-2887
Annual Review of Cancer Biology,2472-3428,2472-3428
European Journal of Internal Medicine,0953-6205,1879-0828
PROGRESS IN NEUROBIOLOGY,0301-0082,1873-5118
Rice Science,1672-6308,1876-4762
ANTIOXIDANTS & REDOX SIGNALING,1523-0864,1557-7716
BioChip Journal,1976-0280,2092-7843
CURRENT OPINION IN CHEMICAL BIOLOGY,1367-5931,1879-0402
JOURNAL OF HEART AND LUNG TRANSPLANTATION,1053-2498,1557-3117
FOOD POLICY,0306-9192,1873-5657
Annual Review of Biomedical Data Science,2574-3414,2574-3414
CRITICAL CARE MEDICINE,0090-3493,1530-0293
GLOBAL ECOLOGY AND BIOGEOGRAPHY,1466-822X,1466-8238
Journal of Cystic Fibrosis,1569-1993,1873-5010
JOURNAL OF MEDICAL INTERNET RESEARCH,1438-8871,
npj Aging,,2731-6068
JOURNAL OF THE AMERICAN SOCIETY OF ECHOCARDIOGRAPHY,0894-7317,
VALUE IN HEALTH,1098-3015,1524-4733
DIABETES-METABOLISM RESEARCH AND REVIEWS,1520-7552,1520-7560
Cancer Cell International,,1475-2867
Allergologie select,,2512-8957
SEMINARS IN CELL & DEVELOPMENTAL BIOLOGY,1084-9521,1096-3634
FOOD REVIEWS INTERNATIONAL,8755-9129,1525-6103
Life Medicine,,2755-1733
JOURNAL OF DENTAL RESEARCH,0022-0345,1544-0591
EUROPEAN JOURNAL OF EPIDEMIOLOGY,0393-2990,1573-7284
Translational Research,1931-5244,1878-1810
INTERNATIONAL JOURNAL OF EPIDEMIOLOGY,0300-5771,1464-3685
Conservation Letters,1755-263X,1755-263X
SEMINARS IN NUCLEAR MEDICINE,0001-2998,1558-4623
Sports Medicine-Open,2199-1170,2198-9761
JOURNAL OF BONE AND MINERAL RESEARCH,0884-0431,1523-4681
SURVEY OF OPHTHALMOLOGY,0039-6257,1879-3304
Environmental Health,,1476-069X
EPMA Journal,1878-5077,1878-5085
American Journal of Preventive Cardiology,2666-6677,2666-6677
CELL BIOLOGY AND TOXICOLOGY,0742-2091,1573-6822
Frontiers in Immunology,1664-3224,1664-3224
Substance Abuse and Rehabilitation,1179-8467,1179-8467
World Journal of Emergency Surgery,1749-7922,1749-7922
JOURNAL OF ORTHOPAEDIC & SPORTS PHYSICAL THERAPY,0190-6011,1938-1344
Journal of Cardiovascular Computed Tomography,1934-5925,1934-5925
PROSTATE CANCER AND PROSTATIC DISEASES,1365-7852,1476-5608
ALTEX-Alternatives to Animal Experimentation,1868-596X,1868-8551
INTERNATIONAL JOURNAL OF MOLECULAR MEDICINE,1107-3756,1791-244X
JMIR Mental Health,2368-7959,2368-7959
Current Research in Microbial Sciences,2666-5174,2666-5174
BIOMASS & BIOENERGY,0961-9534,1873-2909
Neuroscience Bulletin,1673-7067,1995-8218
Cardiovascular Intervention and Therapeutics,1868-4300,1868-4297
Nepal Journal of Epidemiology,2091-0800,2091-0800
CURRENT OPINION IN IMMUNOLOGY,0952-7915,1879-0372
Stress Biology,,2731-0450
Ophthalmology Retina,2468-6530,
JOURNAL OF INVESTIGATIVE DERMATOLOGY,0022-202X,1523-1747
Systematic Biology,1063-5157,1076-836X
PLANT PHYSIOLOGY AND BIOCHEMISTRY,0981-9428,1873-2690
PLANT JOURNAL,0960-7412,1365-313X
Acta Neuropathologica Communications,2051-5960,2051-5960
BULLETIN OF THE WORLD HEALTH ORGANIZATION,0042-9686,1564-0604
Kidney International Reports,2468-0249,2468-0249
HEART RHYTHM,1547-5271,1556-3871
Psoriasis-Targets and Therapy,,2230-326X
JOURNAL OF MEDICAL SYSTEMS,0148-5598,1573-689X
Chinese Medicine,1749-8546,1749-8546
DIABETES OBESITY & METABOLISM,1462-8902,1463-1326
ATHEROSCLEROSIS,0021-9150,1879-1484
JOURNAL OF EXPERIMENTAL BOTANY,0022-0957,1460-2431
JOURNAL OF CLINICAL IMMUNOLOGY,0271-9142,1573-2592
BLOOD REVIEWS,0268-960X,1532-1681
Cardiac Failure Review,2057-7540,2057-7559
Essays in Biochemistry,0071-1365,1744-1358
Ocular Surface,1542-0124,1937-5913
JAMA Otolaryngology-Head & Neck Surgery,2168-6181,2168-619X
European Urology Focus,,2405-4569
NEPHROLOGY DIALYSIS TRANSPLANTATION,0931-0509,1460-2385
Crop Journal,2095-5421,2214-5141
Acta Physiologica,1748-1708,1748-1716
Journal of Ginseng Research,1226-8453,2093-4947
Advances in Wound Care,2162-1918,2162-1934
CLINICAL AND EXPERIMENTAL OPHTHALMOLOGY,1442-6404,1442-9071
JOURNAL OF ECOLOGY,0022-0477,1365-2745
NEUROBIOLOGY OF DISEASE,0969-9961,1095-953X
PEDIATRIC DIABETES,1399-543X,1399-5448
BIOCHEMICAL PHARMACOLOGY,0006-2952,1873-2968
BREAST CANCER RESEARCH,1465-5411,1465-542X
Immunity & Ageing,1742-4933,1742-4933
COLLOIDS AND SURFACES B-BIOINTERFACES,0927-7765,1873-4367
JCO Precision Oncology,,2473-4284
ANIMAL HEALTH RESEARCH REVIEWS,1466-2523,1475-2654
CRITICAL REVIEWS IN ONCOLOGY HEMATOLOGY,1040-8428,1879-0461
MODERN PATHOLOGY,0893-3952,1530-0285
JOURNAL OF DENTISTRY,0300-5712,1879-176X
PSYCHOLOGICAL MEDICINE,0033-2917,1469-8978
PAIN,0304-3959,1872-6623
RADIOGRAPHICS,0271-5333,
AMERICAN JOURNAL OF CHINESE MEDICINE,0192-415X,1793-6853
Molecular Autism,2040-2392,2040-2392
MOLECULAR & CELLULAR PROTEOMICS,,1535-9484
Infectious Diseases of Poverty,2095-5162,2049-9957
International Journal of Behavioral Nutrition and Physical Activity,,1479-5868
Molecular Ecology Resources,1755-098X,1755-0998
CLINICAL PHARMACOLOGY & THERAPEUTICS,0009-9236,1532-6535
GENOME RESEARCH,1088-9051,1549-5469
Circulation-Genomic and Precision Medicine,2574-8300,2574-8300
JOURNAL OF PSYCHOPHARMACOLOGY,0269-8811,1461-7285
Drug Delivery and Translational Research,2190-393X,2190-3948
JOURNAL OF GASTROENTEROLOGY,0944-1174,1435-5922
Annals of Intensive Care,2110-5820,2110-5820
Pharmaceutics,,1999-4923
CONSERVATION BIOLOGY,0888-8892,1523-1739
MOLECULAR CANCER THERAPEUTICS,1535-7163,1538-8514
Journal of Oral Microbiology,,2000-2297
CRITICAL REVIEWS IN CLINICAL LABORATORY SCIENCES,1040-8363,1549-781X
Annual Review of Vision Science,2374-4642,2374-4650
Current Nutrition Reports,,2161-3311
EXPERT REVIEWS IN MOLECULAR MEDICINE,1462-3994,1462-3994
PAKISTAN VETERINARY JOURNAL,0253-8318,2074-7764
ARTHROSCOPY-THE JOURNAL OF ARTHROSCOPIC AND RELATED SURGERY,0749-8063,1526-3231
Body Image,1740-1445,1873-6807
Annals of the American Thoracic Society,2329-6933,2325-6621
Environmental Microbiome,,2524-6372
BIOINFORMATICS,1367-4803,1367-4811
JOURNAL OF ETHNOPHARMACOLOGY,0378-8741,1872-7573
GeroScience,2509-2715,2509-2723
JOURNAL OF ENZYME INHIBITION AND MEDICINAL CHEMISTRY,1475-6366,1475-6374
JOURNAL OF CLINICAL MICROBIOLOGY,0095-1137,1098-660X
BIOMACROMOLECULES,1525-7797,1526-4602
Marine Drugs,,1660-3397
CHEMICO-BIOLOGICAL INTERACTIONS,0009-2797,1872-7786
LAB ON A CHIP,1473-0197,1473-0189
Food & Function,2042-6496,2042-650X
Virulence,2150-5594,2150-5608
OSTEOPOROSIS INTERNATIONAL,0937-941X,1433-2965
Endoscopic Ultrasound,2303-9027,2226-7190
Expert Opinion on Drug Delivery,1742-5247,1744-7593
WORLD JOURNAL OF GASTROENTEROLOGY,1007-9327,2219-2840
INFLAMMATION RESEARCH,1023-3830,1420-908X
Artificial Intelligence in the Life Sciences,,2667-3185
New Microbes and New Infections,,2052-2975
MOLECULAR BIOLOGY AND EVOLUTION,0737-4038,1537-1719
Marine Life Science & Technology,2096-6490,2662-1746
CLINICAL ORAL IMPLANTS RESEARCH,0905-7161,1600-0501
ADDICTION,0965-2140,1360-0443
Journal of the American Heart Association,,2047-9980
RADIOTHERAPY AND ONCOLOGY,0167-8140,1879-0887
CANADIAN JOURNAL OF CARDIOLOGY,0828-282X,1916-7075
Molecular Therapy Oncology,,2950-3299
KOREAN JOURNAL OF RADIOLOGY,1229-6929,2005-8330
AMERICAN JOURNAL OF RESPIRATORY CELL AND MOLECULAR BIOLOGY,1044-1549,1535-4989
Infectious Diseases and Therapy,2193-8229,2193-6382
INFLAMMOPHARMACOLOGY,0925-4692,1568-5608
Cancer & Metabolism,,2049-3002
American Journal of Medicine,0002-9343,1555-7162
QUARTERLY REVIEWS OF BIOPHYSICS,0033-5835,1469-8994
Current Neuropharmacology,1570-159X,1875-6190
Current Osteoporosis Reports,1544-1873,1544-2241
BRITISH JOURNAL OF GENERAL PRACTICE,0960-1643,1478-5242
Comprehensive Physiology,2040-4603,2040-4603
IEEE TRANSACTIONS ON NEURAL SYSTEMS AND REHABILITATION ENGINEERING,1534-4320,1558-0210
Asian Journal of Social Health and Behavior,,2772-4204
ACADEMIC MEDICINE,1040-2446,1938-808X
JOURNAL OF CLINICAL EPIDEMIOLOGY,0895-4356,1878-5921
JAAD International,,2666-3287
VETERINARY QUARTERLY,0165-2176,1875-5941
International Journal of Pharmaceutics,0378-5173,1873-3476
JOURNAL OF PATHOLOGY,0022-3417,1096-9896
MEDICAL EDUCATION,0308-0110,1365-2923
Journal of NeuroEngineering and Rehabilitation,,1743-0003
CURRENT OPINION IN NEUROBIOLOGY,0959-4388,1873-6882
BRITISH MEDICAL BULLETIN,0007-1420,1471-8391
EUROPEAN JOURNAL OF ENDOCRINOLOGY,0804-4643,1479-683X
LIVER INTERNATIONAL,1478-3223,1478-3231
INTERNATIONAL JOURNAL OF FOOD MICROBIOLOGY,0168-1605,1879-3460
Nutrition & Diabetes,2044-4052,2044-4052
PROTEIN SCIENCE,0961-8368,1469-896X
Microbial Biotechnology,1751-7915,1751-7915
BONE MARROW TRANSPLANTATION,0268-3369,1476-5365
Current Atherosclerosis Reports,1523-3804,1534-6242
CLINICAL AND EXPERIMENTAL ALLERGY,0954-7894,1365-2222
Current Neurology and Neuroscience Reports,1528-4042,1534-6293
Cancer Drug Resistance,,2578-532X
Biodiversity Informatics,,1546-9735
Oncology Reviews,1970-5565,1970-5557
ANNALS OF FAMILY MEDICINE,1544-1709,1544-1717
Journal of Clinical Anesthesia,0952-8180,1873-4529
Bone & Joint Research,2046-3758,2046-3758
Communications Biology,,2399-3642
GLIA,0894-1491,1098-1136
Current Opinion in Virology,1879-6257,1879-6265
LIFE SCIENCES,0024-3205,1879-0631
JOURNAL OF CLINICAL ENDOCRINOLOGY & METABOLISM,0021-972X,1945-7197
Biology of Sex Differences,,2042-6410
FUNCTIONAL ECOLOGY,0269-8463,1365-2435
Journal of the American College of Radiology,1546-1440,1558-349X
GENETICS,0016-6731,1943-2631
Gastric Cancer,1436-3291,1436-3305
MECHANISMS OF AGEING AND DEVELOPMENT,0047-6374,1872-6216
CANCER,0008-543X,1097-0142
Drug Design Development and Therapy,1177-8881,
Stem Cell Reports,2213-6711,2213-6711
International Journal of Health Policy and Management,,2322-5939
CANCER IMMUNOLOGY IMMUNOTHERAPY,0340-7004,1432-0851
Journal of Pharmaceutical Investigation,2093-5552,2093-6214
Frontiers in Nutrition,2296-861X,2296-861X
Bioresources and Bioprocessing,,2197-4365
Journal of Structural Biology-X,,2590-1524
CURRENT HYPERTENSION REPORTS,1522-6417,1534-3111
CRITICAL REVIEWS IN MICROBIOLOGY,1040-841X,1549-7828
ANNALS OF EMERGENCY MEDICINE,0196-0644,1097-6760
BIOLOGY OF SPORT,0860-021X,2083-1862
Progress in Orthodontics,2196-1042,2196-1042
KNEE SURGERY SPORTS TRAUMATOLOGY ARTHROSCOPY,0942-2056,1433-7347
SOCIAL SCIENCE & MEDICINE,0277-9536,1873-5347
TRANSPLANTATION,0041-1337,1534-6080
Fire Ecology,1933-9747,1933-9747
Limnology and Oceanography Letters,,2378-2242
JOURNAL OF THROMBOSIS AND HAEMOSTASIS,1538-7933,1538-7836
Child and Adolescent Mental Health,1475-357X,1475-3588
RESPIRATORY RESEARCH,,1465-993X
ACTA PSYCHIATRICA SCANDINAVICA,0001-690X,1600-0447
CNS Neuroscience & Therapeutics,1755-5930,1755-5949
Multiple Sclerosis Journal,1352-4585,1477-0970
WATER RESOURCES RESEARCH,0043-1397,1944-7973
CANCER GENE THERAPY,0929-1903,1476-5500
Journal of Parkinsons Disease,1877-7171,1877-718X
Nutrients,,2072-6643
NEUROPSYCHOLOGY REVIEW,1040-7308,1573-6660
BIOFACTORS,0951-6433,1872-8081
Precision Clinical Medicine,2096-5303,2516-1571
BioScience Trends,1881-7815,1881-7823
INFLAMMATION,0360-3997,1573-2576
IMMUNOLOGY,0019-2805,1365-2567
aBIOTECH,2096-6326,2662-1738
RNA,1355-8382,1469-9001
Current Oncology Reports,1523-3790,1534-6269
Cellular and Molecular Bioengineering,1865-5025,1865-5033
REVISTA ESPANOLA DE CARDIOLOGIA,,1885-5857
SYSTEMATIC ENTOMOLOGY,0307-6970,1365-3113
EUROPEAN CHILD & ADOLESCENT PSYCHIATRY,1018-8827,1435-165X
Developmental Cognitive Neuroscience,1878-9293,1878-9307
PLoS Pathogens,1553-7366,1553-7374
JOURNAL OF AFFECTIVE DISORDERS,0165-0327,1573-2517
BMJ Mental Health,,2755-9734
Biology Direct,,1745-6150
COMPUTERIZED MEDICAL IMAGING AND GRAPHICS,0895-6111,1879-0771
Marine Pollution Bulletin,0025-326X,1879-3363
Biofilm,2590-2075,2590-2075
SLEEP,0161-8105,1550-9109
JOURNAL OF DRUG DELIVERY SCIENCE AND TECHNOLOGY,1773-2247,2588-8943
New Biotechnology,1871-6784,1876-4347
People and Nature,,2575-8314
MOLECULAR PLANT PATHOLOGY,1464-6722,1364-3703
Stroke and Vascular Neurology,2059-8688,2059-8696
Chinese Journal of Natural Medicines,2095-6975,1875-5364
IEEE Transactions on Cognitive and Developmental Systems,2379-8920,2379-8939
CURRENT OPINION IN PSYCHIATRY,0951-7367,1473-6578
Sleep Medicine Clinics,1556-407X,1556-4088
JOURNAL OF NUTRITIONAL BIOCHEMISTRY,0955-2863,1873-4847
Microbial Cell Factories,,1475-2859
INTERNATIONAL JOURNAL OF ONCOLOGY,1019-6439,1791-2423
Journal of the International AIDS Society,,1758-2652
Genes and Nutrition,1555-8932,1865-3499
Journal of Zhejiang University-SCIENCE B,1673-1581,1862-1783
EXCLI Journal,1611-2156,1611-2156
WIREs Mechanisms of Disease,2692-9368,2692-9368
NUTRITION REVIEWS,0029-6643,1753-4887
Expert Opinion on Drug Discovery,1746-0441,1746-045X
INTERNATIONAL JOURNAL OF MOLECULAR SCIENCES,1661-6596,1422-0067
IET Nanobiotechnology,1751-8741,1751-875X
Blood and Lymphatic Cancer-Targets and Therapy,1179-9889,1179-9889
CRITICAL REVIEWS IN PLANT SCIENCES,0735-2689,1549-7836
Immunotherapy Advances,,2732-4303
JOURNAL OF PROSTHETIC DENTISTRY,0022-3913,1097-6841
Radiologia Medica,0033-8362,1826-6983
Current Opinion in Insect Science,2214-5745,2214-5753
Biological Psychiatry-Cognitive Neuroscience and Neuroimaging,2451-9022,2451-9030
PHARMACEUTICAL BIOLOGY,1388-0209,1744-5116
SCHIZOPHRENIA BULLETIN,0586-7614,1745-1701
AMERICAN JOURNAL OF EPIDEMIOLOGY,0002-9262,1476-6256
npj Genomic Medicine,,2056-7944
BEST PRACTICE & RESEARCH IN CLINICAL RHEUMATOLOGY,1521-6942,1521-1770
BMC PLANT BIOLOGY,1471-2229,1471-2229
JOURNAL OF APPLIED ECOLOGY,0021-8901,1365-2664
Neurology and Therapy,2193-8253,2193-6536
CELLULAR ONCOLOGY,2211-3428,2211-3436
Frontiers in Plant Science,1664-462X,1664-462X
Frontiers in Pharmacology,,1663-9812
JMIR Aging,,2561-7605
Computer Methods and Programs in Biomedicine,0169-2607,1872-7565
Pharmaceuticals,,1424-8247
Frontiers in Cellular and Infection Microbiology,2235-2988,2235-2988
Cancer Nanotechnology,1868-6958,1868-6966
MATRIX BIOLOGY,0945-053X,1569-1802
Frontiers in Bioengineering and Biotechnology,2296-4185,2296-4185
JOURNAL OF INVESTIGATIONAL ALLERGOLOGY AND CLINICAL IMMUNOLOGY,1018-9068,1698-0808
Biomolecules,,2218-273X
Brain Circulation,2394-8108,2455-4626
CELLULAR AND MOLECULAR NEUROBIOLOGY,0272-4340,1573-6830
Extracellular Vesicles and Circulating Nucleic Acids,,2767-6641
ZOOLOGICAL RESEARCH,2095-8137,2095-8137
OBSTETRICS AND GYNECOLOGY,0029-7844,0029-7844
Spine Journal,1529-9430,1878-1632
INVESTIGATIVE OPHTHALMOLOGY & VISUAL SCIENCE,0146-0404,1552-5783
Intensive and Critical Care Nursing,0964-3397,1532-4036
Revista de Psiquiatria y Salud Mental,1888-9891,1989-4600
EUROPEAN RADIOLOGY,0938-7994,1432-1084
RMD Open,2056-5933,2056-5933
TOBACCO CONTROL,0964-4563,1468-3318
npj Primary Care Respiratory Medicine,,2055-1010
PHILOSOPHICAL TRANSACTIONS OF THE ROYAL SOCIETY B-BIOLOGICAL SCIENCES,0962-8436,1471-2970
Digestive Endoscopy,0915-5635,1443-1661
ECOGRAPHY,0906-7590,1600-0587
European Journal of Pharmacology,0014-2999,1879-0712
EUROPEAN JOURNAL OF PHARMACEUTICAL SCIENCES,0928-0987,1879-0720
INTERNATIONAL JOURNAL OF GYNECOLOGICAL CANCER,1048-891X,1525-1438
mBio,,2150-7511
International Immunopharmacology,1567-5769,1878-1705
DIABETES & METABOLISM,1262-3636,1878-1780
Travel Medicine and Infectious Disease,1477-8939,1873-0442
Advances in Simulation,,2059-0628
INTERNATIONAL JOURNAL OF CANCER,0020-7136,1097-0215
Reproductive Biology and Endocrinology,,1477-7827
BIOORGANIC CHEMISTRY,0045-2068,1090-2120
Anaesthesia Critical Care & Pain Medicine,2352-5568,2352-5568
Journal of Exposure Science and Environmental Epidemiology,1559-0631,1559-064X
ENVIRONMENTAL AND EXPERIMENTAL BOTANY,0098-8472,1873-7307
AMERICAN JOURNAL OF PHYSIOLOGY-CELL PHYSIOLOGY,0363-6143,1522-1563
Journal of Intensive Care,2052-0492,2052-0492
GM Crops & Food-Biotechnology in Agriculture and the Food Chain,2164-5698,2164-5701
Obesity,1930-7381,1930-739X
ANNALS OF ALLERGY ASTHMA & IMMUNOLOGY,1081-1206,1534-4436
JOURNAL OF MOLECULAR AND CELLULAR CARDIOLOGY,0022-2828,1095-8584
Nucleic Acid Therapeutics,2159-3337,2159-3345
Non-coding RNA Research,2468-2160,2468-0540
EXERCISE AND SPORT SCIENCES REVIEWS,0091-6331,1538-3008
Obesity Facts,1662-4025,1662-4033
Polish Archives of Internal Medicine-Polskie Archiwum Medycyny Wewnetrznej,0032-3772,1897-9483
MOLECULAR CANCER RESEARCH,1541-7786,1557-3125
BioDesign Research,,2693-1257
CURRENT TREATMENT OPTIONS IN ONCOLOGY,1527-2729,1534-6277
BIOSCIENCE REPORTS,0144-8463,1573-4935
Bone & Joint Journal,2049-4394,2049-4394
ENTOMOLOGIA GENERALIS,0171-8177,2363-7102
RESUSCITATION,0300-9572,1873-1570
Ophthalmology Science,2666-9145,2666-9145
Annals of Physical and Rehabilitation Medicine,1877-0657,1877-0665
Child and Adolescent Psychiatry and Mental Health,,1753-2000
European Heart Journal-Quality of Care and Clinical Outcomes,2058-5225,2058-1742
ARTHRITIS RESEARCH & THERAPY,1478-6354,1478-6362
CEPHALALGIA,0333-1024,1468-2982
JOURNAL OF NEUROLOGY,0340-5354,1432-1459
PHARMACOECONOMICS,1170-7690,1179-2027
International Journal of Antimicrobial Agents,0924-8579,1872-7913
TOXICOLOGY,0300-483X,1879-3185
BRITISH JOURNAL OF BIOMEDICAL SCIENCE,0967-4845,2474-0896
JOURNAL OF MEDICAL VIROLOGY,0146-6615,1096-9071
NEUROPHARMACOLOGY,0028-3908,1873-7064
REVIEWS IN FISH BIOLOGY AND FISHERIES,0960-3166,1573-5184
Global Health Research and Policy,,2397-0642
JOURNAL OF CLINICAL PSYCHIATRY,0160-6689,1555-2101
Clinical Kidney Journal,2048-8505,2048-8513
JOURNAL OF THE AMERICAN MEDICAL INFORMATICS ASSOCIATION,1067-5027,1527-974X
Hepatology Communications,,2471-254X
mSystems,,2379-5077
Journal of Clinical Lipidology,1933-2874,1876-4789
BIOLOGICAL RESEARCH,0716-9760,0717-6287
Current Addiction Reports,,2196-2952
Antibiotics-Basel,2079-6382,2079-6382
European Heart Journal-Acute Cardiovascular Care,2048-8726,2048-8734
FOOD MICROBIOLOGY,0740-0020,1095-9998
HYPERTENSION RESEARCH,0916-9636,1348-4214
CONTACT DERMATITIS,0105-1873,1600-0536
CANCER BIOLOGY & THERAPY,1538-4047,1555-8576
EUROPEAN JOURNAL OF HUMAN GENETICS,1018-4813,1476-5438
Frontiers in Endocrinology,1664-2392,1664-2392
Endocrine Practice,1530-891X,1934-2403
ENDOCRINE-RELATED CANCER,1351-0088,1479-6821
JCO Oncology Practice,2688-1527,2688-1535
Fungal Biology Reviews,1749-4613,1878-0253
Biotechnology for Biofuels and Bioproducts,,2731-3654
Frontiers in Toxicology,,2673-3080
EXPERT OPINION ON THERAPEUTIC PATENTS,1354-3776,1744-7674
MicrobiologyOpen,2045-8827,2045-8827
Therapeutic Advances in Endocrinology and Metabolism,2042-0188,2042-0196
World Journal of Diabetes,,1948-9358
CURRENT OPINION IN LIPIDOLOGY,0957-9672,1473-6535
AMERICAN JOURNAL OF SPORTS MEDICINE,0363-5465,1552-3365
Journal of Adolescent Health,1054-139X,1879-1972
HARMFUL ALGAE,1568-9883,1878-1470
Globalization and Health,,1744-8603
Pediatric Critical Care Medicine,1529-7535,1947-3893
World Journal of Pediatrics,1708-8569,1867-0687
European Stroke Journal,2396-9873,2396-9881
JOURNAL OF ANXIETY DISORDERS,0887-6185,1873-7897
AMERICAN JOURNAL OF PREVENTIVE MEDICINE,0749-3797,1873-2607
NEUROIMAGE,1053-8119,1095-9572
BJS Open,2474-9842,2474-9842
BMC BIOLOGY,,1741-7007
PROCEEDINGS OF THE NUTRITION SOCIETY,0029-6651,1475-2719
Asia-Pacific Journal of Ophthalmology,,2162-0989
European Urology Open Science,2666-1691,2666-1683
Insights into Imaging,1869-4101,1869-4101
One Health,,2352-7714
JOURNAL OF THE AMERICAN GERIATRICS SOCIETY,0002-8614,1532-5415
Brain Communications,,2632-1297
MOLECULAR PHARMACEUTICS,1543-8384,1543-8392
Current Plant Biology,,2214-6628
PEDIATRIC ALLERGY AND IMMUNOLOGY,0905-6157,1399-3038
JOURNAL OF INFECTIOUS DISEASES,0022-1899,1537-6613
ANTIMICROBIAL AGENTS AND CHEMOTHERAPY,0066-4804,1098-6596
BIOELECTROCHEMISTRY,1567-5394,1878-562X
PLANT CELL REPORTS,0721-7714,1432-203X
JOURNAL OF CEREBRAL BLOOD FLOW AND METABOLISM,0271-678X,1559-7016
GENE THERAPY,0969-7128,1476-5462
International Braz J Urol,1677-5538,1677-6119
Journal of Eating Disorders,2050-2974,2050-2974
Algal Research-Biomass Biofuels and Bioproducts,2211-9264,2211-9264
BIPOLAR DISORDERS,1398-5647,1399-5618
Frontiers in Aging Neuroscience,1663-4365,1663-4365
Cell Reports Methods,2667-2375,2667-2375
Frontiers in Microbiology,,1664-302X
Food and Energy Security,2048-3694,2048-3694
Asian Journal of Psychiatry,1876-2018,1876-2026
CLINICS IN CHEST MEDICINE,0272-5231,1557-8216
Artificial Cells Nanomedicine and Biotechnology,2169-1401,2169-141X
Brain Informatics,2198-4018,2198-4026
GENES AND IMMUNITY,1466-4879,1476-5470
mLife,2097-1699,2770-100X
MITOCHONDRION,1567-7249,1872-8278
Pharmaceutical Medicine,1178-2595,1179-1993
JBI Evidence Synthesis,,2689-8381
NUTRITION RESEARCH REVIEWS,0954-4224,1475-2700
PROGRESS IN BIOPHYSICS & MOLECULAR BIOLOGY,0079-6107,1873-1732
REVIEWS ON ENVIRONMENTAL HEALTH,0048-7554,2191-0308
CLINICAL ORTHOPAEDICS AND RELATED RESEARCH,0009-921X,1528-1132
JOURNAL OF THORACIC AND CARDIOVASCULAR SURGERY,0022-5223,1097-685X
Knee Surgery & Related Research,,2234-2451
Animal Microbiome,,2524-4671
MEDICAL TEACHER,0142-159X,1466-187X
INTERNATIONAL JOURNAL OF DRUG POLICY,0955-3959,1873-4758
INTERNATIONAL JOURNAL OF HYGIENE AND ENVIRONMENTAL HEALTH,1438-4639,1618-131X
JOURNAL OF SAFETY RESEARCH,0022-4375,1879-1247
EPIDEMIOLOGY,1044-3983,1531-5487
JOURNAL OF PHYSIOLOGY-LONDON,0022-3751,1469-7793
BJU INTERNATIONAL,1464-4096,1464-410X
Plant Methods,,1746-4811
RHEUMATOLOGY,1462-0324,1462-0332
SEMINARS IN ARTHRITIS AND RHEUMATISM,0049-0172,1532-866X
"Alzheimer's & Dementia: Diagnosis, Assessment & Disease Monitoring",,2352-8729
HEART,1355-6037,1468-201X
BIOLOGICAL CONSERVATION,0006-3207,1873-2917
Antimicrobial Resistance and Infection Control,2047-2994,2047-2994
JOURNAL OF PLANT GROWTH REGULATION,0721-7595,1435-8107
Clinical Epigenetics,1868-7075,1868-7083
IEEE TRANSACTIONS ON NANOBIOSCIENCE,1536-1241,1558-2639
Transplantation and Cellular Therapy,2666-6375,2666-6367
Water Biology and Security,2097-4132,2772-7351
LUNG CANCER,0169-5002,1872-8332
Mycology-An International Journal On Fungal Biology,2150-1203,2150-1211
Journal of Xenobiotics,2039-4705,2039-4713
Probiotics and Antimicrobial Proteins,1867-1306,1867-1314
BMJ Health & Care Informatics,,2632-1009
European Heart Journal - Digital Health,,2634-3916
Annals of Hepatology,1665-2681,1665-2681
Synthetic and Systems Biotechnology,2405-805X,2405-805X
Molecular Diagnosis & Therapy,1177-1062,1179-2000
Current HIV/AIDS Reports,1548-3568,1548-3576
Frontiers in Genome Editing,,2673-3439
Hepatobiliary & Pancreatic Diseases International,1499-3872,2352-9377
MAMMAL REVIEW,,1365-2907
PLANT DISEASE,0191-2917,1943-7692
EXPERT OPINION ON THERAPEUTIC TARGETS,1472-8222,1744-7631
CURRENT OPINION IN NEUROLOGY,1350-7540,1473-6551
AMERICAN JOURNAL OF MEDICAL GENETICS PART C-SEMINARS IN MEDICAL GENETICS,1552-4868,1552-4876
Medical Sciences,,2076-3271
EXCEPTIONAL CHILDREN,0014-4029,2163-5560
JOURNAL OF BONE AND JOINT SURGERY-AMERICAN VOLUME,0021-9355,1535-1386
Journal of NeuroInterventional Surgery,1759-8478,1759-8486
PRIMARY CARE,0095-4543,1558-299X
BJOG-AN INTERNATIONAL JOURNAL OF OBSTETRICS AND GYNAECOLOGY,1470-0328,1471-0528
International Journal of Sports Physiology and Performance,1555-0265,1555-0273
Family Medicine and Community Health,2305-6983,2009-8774
AQUATIC TOXICOLOGY,0166-445X,1879-1514
EUROPEAN JOURNAL OF PHARMACEUTICS AND BIOPHARMACEUTICS,0939-6411,1873-3441
DEVELOPMENTAL MEDICINE AND CHILD NEUROLOGY,0012-1622,1469-8749
Arthroplasty,,2524-7948
INTERNATIONAL JOURNAL OF INFECTIOUS DISEASES,1201-9712,1878-3511
COMPARATIVE BIOCHEMISTRY AND PHYSIOLOGY C-TOXICOLOGY & PHARMACOLOGY,1532-0456,1878-1659
Human Resources for Health,,1478-4491
INTERNATIONAL PSYCHOGERIATRICS,1041-6102,1741-203X
DM DISEASE-A-MONTH,0011-5029,1557-8194
SCANDINAVIAN JOURNAL OF WORK ENVIRONMENT & HEALTH,0355-3140,1795-990X
INTERNATIONAL JOURNAL OF EATING DISORDERS,0276-3478,1098-108X
MOLECULAR NEUROBIOLOGY,0893-7648,1559-1182
ECOLOGY,0012-9658,1939-9170
METHODS,1046-2023,1095-9130
ANNALS OF MEDICINE,0785-3890,1365-2060
Soil Ecology Letters,2662-2289,2662-2297
Journal of Cannabis Research,,2522-5782
THROMBOSIS AND HAEMOSTASIS,0340-6245,2567-689X
Acupuncture and Herbal Medicine,2097-0226,2765-8619
ECOLOGICAL APPLICATIONS,1051-0761,1939-5582
Human Genomics,1473-9542,1479-7364
Journal of Global Health,2047-2978,2047-2986
Translational Stroke Research,1868-4483,1868-601X
STRUCTURE,0969-2126,1878-4186
Remote Sensing in Ecology and Conservation,,2056-3485
Cognitive Computation,1866-9956,1866-9964
BIOLOGICAL PROCEDURES ONLINE,,1480-9222
INFLAMMATORY BOWEL DISEASES,1078-0998,1536-4844
JOURNAL OF PHYSIOLOGY AND BIOCHEMISTRY,1138-7548,1877-8755
CURRENT OPINION IN RHEUMATOLOGY,1040-8711,1531-6963
HELICOBACTER,1083-4389,1523-5378
EUROPEAN JOURNAL OF NUTRITION,1436-6207,1436-6215
EXPERIMENTAL GERONTOLOGY,0531-5565,1873-6815
JOINT BONE SPINE,1297-319X,1778-7254
Innovation in Aging,,2399-5300
JOURNAL OF PHARMACY AND PHARMACEUTICAL SCIENCES,,1482-1826
ADMET and DMPK,1848-7718,1848-7718
MUTAGENESIS,0267-8357,1464-3804
JOURNAL OF GENERAL VIROLOGY,0022-1317,1465-2099
Bioresource Technology Reports,2589-014X,2589-014X
Frontiers in Cell and Developmental Biology,2296-634X,2296-634X
APPLIED MICROBIOLOGY AND BIOTECHNOLOGY,0175-7598,1432-0614
PHARMACEUTICAL RESEARCH,0724-8741,1573-904X
INDOOR AIR,0905-6947,1600-0668
JOURNAL OF LIPOSOME RESEARCH,0898-2104,1532-2394
Frontiers in Aging,,2673-6217
AMERICAN JOURNAL OF SURGICAL PATHOLOGY,0147-5185,1532-0979
AMERICAN JOURNAL OF OPHTHALMOLOGY,0002-9394,1879-1891
NURSE EDUCATION TODAY,0260-6917,1532-2793
Animal,1751-7311,1751-732X
Journal of Neurologic Physical Therapy,1557-0576,1557-0584
MEDICAL CLINICS OF NORTH AMERICA,0025-7125,1557-9859
LABORATORY INVESTIGATION,0023-6837,1530-0307
Minerva Urology and Nephrology,2724-6051,2724-6442
JOURNAL OF GENERAL INTERNAL MEDICINE,0884-8734,1525-1497
Journal of Ovarian Research,,1757-2215
European Journal of Emergency Medicine,0969-9546,1473-5695
CURRENT OPINION IN PHARMACOLOGY,1471-4892,1471-4973
COMPREHENSIVE PSYCHIATRY,0010-440X,1532-8384
DIVERSITY AND DISTRIBUTIONS,1366-9516,1472-4642
THEORETICAL AND APPLIED GENETICS,0040-5752,1432-2242
Dermatology and Therapy,2193-8210,2190-9172
EXPERIMENTAL NEUROLOGY,0014-4886,1090-2430
Environmental Toxicology and Pharmacology,1382-6689,1872-7077
Radiology-Cardiothoracic Imaging,2638-6135,2638-6135
HEART FAILURE REVIEWS,1382-4147,1573-7322
Influenza and Other Respiratory Viruses,1750-2640,1750-2659
DRUG DEVELOPMENT RESEARCH,0272-4391,1098-2299
MUTATION RESEARCH-REVIEWS IN MUTATION RESEARCH,1383-5742,1388-2139
Zeitschrift fur Medizinische Physik,0939-3889,1876-4436
Australian Prescriber,0312-8008,1839-3942
JOURNAL OF MOLECULAR MEDICINE-JMM,0946-2716,1432-1440
BIOCHIMICA ET BIOPHYSICA ACTA-MOLECULAR BASIS OF DISEASE,0925-4439,1879-260X
FASEB JOURNAL,0892-6638,1530-6860
Lipids in Health and Disease,,1476-511X
Gastroenterology Report,2052-0034,2052-0034
Journal of Clinical and Translational Hepatology,2225-0719,2310-8819
MILBANK QUARTERLY,0887-378X,1468-0009
Women and Birth,1871-5192,1878-1799
JOURNAL OF PEST SCIENCE,1612-4758,1612-4766
BEST PRACTICE & RESEARCH CLINICAL OBSTETRICS & GYNAECOLOGY,1521-6934,1532-1932
Clinical Psychological Science,2167-7026,2167-7034
Journal of Esthetic and Restorative Dentistry,1496-4155,1708-8240
World Journal of Mens Health,2287-4208,2287-4690
INFECTIOUS DISEASE CLINICS OF NORTH AMERICA,0891-5520,1557-9824
Gynecologic Oncology,0090-8258,1095-6859
HEALTH & PLACE,1353-8292,1873-2054
ULTRASONICS,0041-624X,1874-9968
DENTOMAXILLOFACIAL RADIOLOGY,0250-832X,1476-542X
International Journal for Equity in Health,,1475-9276
European Journal of Psychotraumatology,2000-8198,2000-8066
AMERICAN JOURNAL OF PHYSIOLOGY-HEART AND CIRCULATORY PHYSIOLOGY,0363-6135,1522-1539
Head & Neck Pathology,1936-055X,1936-0568
JOURNAL OF URBAN HEALTH-BULLETIN OF THE NEW YORK ACADEMY OF MEDICINE,1099-3460,1468-2869
Therapeutic Advances in Neurological Disorders,1756-2856,1756-2864
SEMINARS IN HEMATOLOGY,0037-1963,1532-8686
Schizophrenia,,2754-6993
BIOINORGANIC CHEMISTRY AND APPLICATIONS,1565-3633,1687-479X
Internet Interventions-The Application of Information Technology in Mental and Behavioural Health,,2214-7829
JMIR Serious Games,2291-9279,2291-9279
JOURNAL OF PLANT PHYSIOLOGY,0176-1617,1618-1328
PLANT AND SOIL,0032-079X,1573-5036
Plants-Basel,2223-7747,2223-7747
JOURNAL OF HYPERTENSION,0263-6352,1473-5598
Emerging Themes in Epidemiology,,1742-7622
Neuro-Oncology Advances,,2632-2498
TOXICOLOGICAL SCIENCES,1096-6080,1096-0929
INTERNATIONAL JOURNAL OF MEDICAL INFORMATICS,1386-5056,1872-8243
HISTOPATHOLOGY,0309-0167,1365-2559
PLANT SCIENCE,0168-9452,1873-2259
Japanese Journal of Radiology,1867-1071,1867-108X
EXPERT OPINION ON INVESTIGATIONAL DRUGS,1354-3784,1744-7658
XENOTRANSPLANTATION,0908-665X,1399-3089
CNS SPECTRUMS,1092-8529,2165-6509
REVIEWS IN THE NEUROSCIENCES,0334-1763,2191-0200
Toxics,,2305-6304
Therapeutic Advances in Musculoskeletal Disease,1759-720X,1759-7218
JOURNAL OF NEUROENDOCRINOLOGY,0953-8194,1365-2826
SEMINARS IN THROMBOSIS AND HEMOSTASIS,0094-6176,1098-9064
Advanced Pharmaceutical Bulletin,2228-5881,2251-7308
Clinics in Liver Disease,1089-3261,1557-8224
ECOLOGICAL ENGINEERING,0925-8574,1872-6992
International Journal of Tryptophan Research,1178-6469,1178-6469
Frontiers in Synaptic Neuroscience,1663-3563,1663-3563
Recent Patents on Anti-Cancer Drug Discovery,1574-8928,2212-3970
BIOMEDICAL AND ENVIRONMENTAL SCIENCES,0895-3988,2214-0190
PUBLIC HEALTH REVIEWS,,2107-6952
HLA,2059-2302,2059-2310
JOURNAL OF THE RENIN-ANGIOTENSIN-ALDOSTERONE SYSTEM,1470-3203,1752-8976
CLEVELAND CLINIC JOURNAL OF MEDICINE,0891-1150,1939-2869
CRITICAL REVIEWS IN TOXICOLOGY,1040-8444,1547-6898
Eye and Vision,,2326-0254
EFORT Open Reviews,2396-7544,2058-5241
Clinical Implant Dentistry and Related Research,1523-0899,1708-8208
JMIR Nursing,,2562-7600
Paediatric Respiratory Reviews,1526-0542,1526-0550
Nurse Education in Practice,1471-5953,1873-5223
Pesticide Biochemistry and Physiology,0048-3575,1095-9939
Harm Reduction Journal,,1477-7517
JOURNAL OF ORAL REHABILITATION,0305-182X,1365-2842
Journal of Evidence-Based Dental Practice,1532-3382,1532-3390
JOURNAL OF DERMATOLOGICAL SCIENCE,0923-1811,1873-569X
Journal of Nursing Management,0966-0429,1365-2834
HEADACHE,0017-8748,1526-4610
JOURNAL OF SUBSTANCE ABUSE TREATMENT,0740-5472,1873-6483
International Journal of Neonatal Screening,,2409-515X
ANTIVIRAL RESEARCH,0166-3542,1872-9096
International Journal of Implant Dentistry,,2198-4034
Virus Evolution,,2057-1577
Journal of Infection and Public Health,1876-0341,1876-035X
Journal of Integrative Medicine-JIM,2095-4964,2095-4964
CELL CALCIUM,0143-4160,1532-1991
JOURNAL OF PAIN,1526-5900,1528-8447
DRUG METABOLISM AND DISPOSITION,0090-9556,1521-009X
Microbial Genomics,2057-5858,2057-5858
Journal of Neurodevelopmental Disorders,1866-1947,1866-1955
Journal of Fungi,,2309-608X
CRISPR Journal,2573-1599,2573-1602
JOURNAL OF CHROMATOGRAPHY A,0021-9673,1873-3778
MICROBIAL ECOLOGY,0095-3628,1432-184X
CLINICAL PHARMACOKINETICS,0312-5963,1179-1926
ERJ Open Research,,2312-0541
AAPS PHARMSCITECH,1530-9932,1530-9932
Best Practice & Research Clinical Gastroenterology,1521-6918,1532-1916
Interface Focus,2042-8898,2042-8901
Gut Pathogens,1757-4749,1757-4749
HEALTH TECHNOLOGY ASSESSMENT,1366-5278,2046-4924
VIROLOGICA SINICA,1674-0769,1995-820X
Accountability in Research-Ethics Integrity and Policy,0898-9621,1545-5815
NEUROEPIDEMIOLOGY,0251-5350,1423-0208
JOURNAL OF CELLULAR PHYSIOLOGY,0021-9541,1097-4652
HUMAN GENE THERAPY,1043-0342,1557-7422
ADVANCES IN THERAPY,0741-238X,1865-8652
JOURNAL OF NEURAL TRANSMISSION,0300-9564,1435-1463
Toxins,,2072-6651
PLANT AND CELL PHYSIOLOGY,0032-0781,1471-9053
Therapeutic Advances in Psychopharmacology,2045-1253,2045-1261
Current Opinion in HIV and AIDS,1746-630X,1746-6318
CURRENT OPINION IN INFECTIOUS DISEASES,0951-7375,1473-6527
REVISTA ESPANOLA DE ENFERMEDADES DIGESTIVAS,1130-0108,2340-4167
BMC NURSING,1472-6955,1472-6955
MEDICINE & SCIENCE IN SPORTS & EXERCISE,0195-9131,1530-0315
Journal of Psychopathology and Clinical Science,2769-7541,2769-755X
JOR Spine,2572-1143,2572-1143
FISH & SHELLFISH IMMUNOLOGY,1050-4648,1095-9947
Perspectives on Medical Education,2212-2761,2212-277X
Annals of Laboratory Medicine,2234-3806,2234-3814
Journal of Occupational Health Psychology,1076-8998,1939-1307
Aesthetic Surgery Journal,1090-820X,1527-330X
NEUROSURGERY,0148-396X,1524-4040
ANNALS OF THORACIC SURGERY,0003-4975,1552-6259
AQUACULTURE,0044-8486,1873-5622
Current Reviews in Musculoskeletal Medicine,1935-973X,1935-9748
Current Rheumatology Reports,1523-3774,1534-6307
PROGRESS IN NEURO-PSYCHOPHARMACOLOGY & BIOLOGICAL PSYCHIATRY,0278-5846,1878-4216
Journal of the International Society of Sports Nutrition,,1550-2783
Dental and Medical Problems,1644-387X,2300-9020
JMIR Public Health and Surveillance,2369-2960,2369-2960
LAB ANIMAL,0093-7355,1548-4475
ACADEMIC RADIOLOGY,1076-6332,1878-4046
LIVER TRANSPLANTATION,1527-6465,1527-6473
Annals of Clinical and Translational Neurology,2328-9503,2328-9503
EUROPEAN JOURNAL OF NEUROLOGY,1351-5101,1468-1331
JOURNAL OF DERMATOLOGICAL TREATMENT,0954-6634,1471-1753
PSYCHIATRY RESEARCH,0165-1781,1872-7123
European Journal of Cardiovascular Nursing,1474-5151,1873-1953
Interdisciplinary Sciences-Computational Life Sciences,1913-2751,1867-1462
LUNG,0341-2040,1432-1750
Preventing Chronic Disease,1545-1151,1545-1151
Biogeosciences,1726-4170,1726-4189
Movement Ecology,2051-3933,2051-3933
ORAL ONCOLOGY,1368-8375,1879-0593
MOLECULAR ECOLOGY,0962-1083,1365-294X
ACS Synthetic Biology,2161-5063,
PALLIATIVE MEDICINE,0269-2163,1477-030X
Journal of Plant Ecology,1752-9921,1752-993X
NEUROTOXICOLOGY,0161-813X,1872-9711
Current Epidemiology Reports,,2196-2995
Ecological Processes,,2192-1709
HEREDITY,0018-067X,1365-2540
JOURNAL OF SLEEP RESEARCH,0962-1105,1365-2869
JOURNAL OF DRUG TARGETING,1061-186X,1029-2330
EUROPEAN JOURNAL OF PUBLIC HEALTH,1101-1262,1464-360X
CLINICAL MEDICINE,1470-2118,1473-4893
Systematic Reviews,,2046-4053
BIOCONJUGATE CHEMISTRY,1043-1802,1520-4812
JOURNAL OF CUTANEOUS MEDICINE AND SURGERY,1203-4754,1615-7109
PLANT GROWTH REGULATION,0167-6903,1573-5087
Biomedicines,,2227-9059
Frontiers in Bioinformatics,,2673-7647
NEUROSCIENTIST,1073-8584,1089-4098
PROTEOMICS,1615-9853,1615-9861
YALE JOURNAL OF BIOLOGY AND MEDICINE,0044-0086,1551-4056
HEMATOLOGICAL ONCOLOGY,0278-0232,1099-1069
JOURNAL OF PERIODONTOLOGY,0022-3492,1943-3670
ANESTHESIA AND ANALGESIA,0003-2999,1526-7598
JOURNAL OF ARTHROPLASTY,0883-5403,1532-8406
WILDLIFE MONOGRAPHS,0084-0173,1938-5455
Surgery for Obesity and Related Diseases,1550-7289,1878-7533
JBJS Open Access,,2472-7245
Worldviews on Evidence-Based Nursing,1545-102X,1741-6787
PEST MANAGEMENT SCIENCE,1526-498X,1526-4998
SCANDINAVIAN JOURNAL OF MEDICINE & SCIENCE IN SPORTS,0905-7188,1600-0838
Neuroethics,1874-5490,1874-5504
JOURNALS OF GERONTOLOGY SERIES A-BIOLOGICAL SCIENCES AND MEDICAL SCIENCES,1079-5006,1758-535X
APPETITE,0195-6663,1095-8304
BEHAVIOR THERAPY,0005-7894,1878-1888
JOURNAL DER DEUTSCHEN DERMATOLOGISCHEN GESELLSCHAFT,1610-0379,1610-0387
AMERICAN JOURNAL OF GERIATRIC PSYCHIATRY,1064-7481,1545-7214
Journal of Healthcare Leadership,1179-3201,1179-3201
BMC Geriatrics,,1471-2318
JOURNAL OF DIGITAL IMAGING,0897-1889,1618-727X
Function,,2633-8823
ACS Infectious Diseases,2373-8227,
GeoHealth,2471-1403,2471-1403
Plant Genome,,1940-3372
Acta Crystallographica Section D-Structural Biology,2059-7983,2059-7983
Kidney Research and Clinical Practice,2211-9132,2211-9140
JOURNAL OF NEUROTRAUMA,0897-7151,1557-9042
DRUG SAFETY,0114-5916,1179-1942
AIDS PATIENT CARE AND STDS,1087-2914,1557-7449
EPIDEMIOLOGIC REVIEWS,0193-936X,1478-6729
MYCORRHIZA,0940-6360,1432-1890
ANALYTICAL AND BIOANALYTICAL CHEMISTRY,1618-2642,1618-2650
International Journal of Mental Health Systems,1752-4458,1752-4458
BRITISH JOURNAL OF HAEMATOLOGY,0007-1048,1365-2141
CANADIAN JOURNAL OF PSYCHIATRY-REVUE CANADIENNE DE PSYCHIATRIE,0706-7437,1497-0015
WORLD JOURNAL OF BIOLOGICAL PSYCHIATRY,1562-2975,1814-1412
Asian Journal of Surgery,1015-9584,0219-3108
Current Treatment Options in Infectious Diseases,,1534-6250
Environmental Epidemiology,,2474-7882
Frontiers in Digital Health,,2673-253X
RESPIRATION,0025-7931,1423-0356
PLANTA,0032-0935,1432-2048
PLANT MOLECULAR BIOLOGY,0167-4412,1573-5028
Internal and Emergency Medicine,1828-0447,1970-9366
GENETIC EPIDEMIOLOGY,0741-0395,1098-2272
Open Forum Infectious Diseases,2328-8957,2328-8957
Polish Heart Journal-Kardiologia Polska,0022-9032,1897-4279
Progress in Disaster Science,2590-0617,2590-0617
ENVIRONMENTAL GEOCHEMISTRY AND HEALTH,0269-4042,1573-2983
Expert Review of Anti-Infective Therapy,1478-7210,1744-8336
Balkan Medical Journal,2146-3123,2146-3131
EXERCISE IMMUNOLOGY REVIEW,1077-5552,1077-5552
NURSING OUTLOOK,0029-6554,1528-3968
RESEARCH AND PRACTICE FOR PERSONS WITH SEVERE DISABILITIES,1540-7969,2169-2408
Contact Lens & Anterior Eye,1367-0484,1476-5411
INTERNATIONAL NURSING REVIEW,0020-8132,1466-7657
Integrative Zoology,1749-4877,1749-4869
ARCHIVES OF PHYSICAL MEDICINE AND REHABILITATION,0003-9993,1532-821X
JOURNAL OF ANIMAL ECOLOGY,0021-8790,1365-2656
CLINICAL CHEMISTRY AND LABORATORY MEDICINE,1434-6621,1437-4331
NEUROREHABILITATION AND NEURAL REPAIR,1545-9683,1552-6844
Journal of Pathology Clinical Research,,2056-4538
INTERNATIONAL DENTAL JOURNAL,0020-6539,1875-595X
Current Problems in Pediatric and Adolescent Health Care,1538-5442,1538-3199
Journal of Orthopaedics and Traumatology,1590-9921,1590-9999
Journal of Healthcare Informatics Research,2509-4971,2509-498X
JOURNAL OF EPIDEMIOLOGY AND COMMUNITY HEALTH,0143-005X,1470-2738
Performance Enhancement & Health,2211-2669,2211-2669
Biological Psychiatry: Global Open Science,2667-1743,2667-1743
DISEASES OF THE COLON & RECTUM,0012-3706,1530-0358
INSECT BIOCHEMISTRY AND MOLECULAR BIOLOGY,0965-1748,1879-0240
Health Policy and Technology,2211-8837,
Journal of Trauma and Acute Care Surgery,2163-0755,2163-0763
LIMNOLOGY AND OCEANOGRAPHY,0024-3590,1939-5590
INTERNATIONAL JOURNAL OF NEUROPSYCHOPHARMACOLOGY,1461-1457,1469-5111
ACTA DERMATO-VENEREOLOGICA,0001-5555,1651-2057
Journal of Gynecologic Oncology,2005-0380,2005-0399
EXPERIMENTAL AND MOLECULAR PATHOLOGY,0014-4800,1096-0945
PERITONEAL DIALYSIS INTERNATIONAL,0896-8608,1718-4304
CANADIAN ASSOCIATION OF RADIOLOGISTS JOURNAL-JOURNAL DE L ASSOCIATION CANADIENNE DES RADIOLOGISTES,0846-5371,1488-2361
EUROPEAN ARCHIVES OF PSYCHIATRY AND CLINICAL NEUROSCIENCE,0940-1334,1433-8491
Evolution Letters,,2056-3744
AMERICAN JOURNAL OF NEURORADIOLOGY,0195-6108,1936-959X
Journal of Ethnobiology and Ethnomedicine,,1746-4269
LANDSCAPE ECOLOGY,0921-2973,1572-9761
REPRODUCTION,1470-1626,1741-7899
Clinical Research in Cardiology,1861-0684,1861-0692
AUSTRALIAN AND NEW ZEALAND JOURNAL OF PSYCHIATRY,0004-8674,1440-1614
CIRCULATION JOURNAL,1346-9843,1347-4820
Cardiovascular Toxicology,1530-7905,1559-0259
JOURNAL OF PHOTOCHEMISTRY AND PHOTOBIOLOGY B-BIOLOGY,1011-1344,1873-2682
GENERAL HOSPITAL PSYCHIATRY,0163-8343,1873-7714
ESC Heart Failure,2055-5822,2055-5822
Ecosystems and People,,2639-5916
Neurology-Genetics,2376-7839,2376-7839
NUTRITION METABOLISM AND CARDIOVASCULAR DISEASES,0939-4753,1590-3729
PHOTOSYNTHESIS RESEARCH,0166-8595,1573-5079
Biophysical Reviews,1867-2450,1867-2469
JOURNAL OF HEALTH AND SOCIAL BEHAVIOR,0022-1465,2150-6000
JOURNAL OF ENDODONTICS,0099-2399,1878-3554
Archives of Disease in Childhood-Fetal and Neonatal Edition,1359-2998,1468-2052
AMERICAN JOURNAL OF PATHOLOGY,0002-9440,1525-2191
JOURNAL OF NEUROSURGERY,0022-3085,1933-0693
Journal of Prosthodontics-Implant Esthetic and Reconstructive Dentistry,1059-941X,1532-849X
JOURNAL OF VASCULAR SURGERY,0741-5214,1097-6809
ADDICTIVE BEHAVIORS,0306-4603,1873-6327
Neurospine,2586-6583,2586-6591
Artificial Intelligence Surgery,,2771-0408
JOURNAL OF HEALTH ECONOMICS,0167-6296,1879-1646
PHYSIOLOGIA PLANTARUM,0031-9317,1399-3054
DRUG AND ALCOHOL DEPENDENCE,0376-8716,1879-0046
BMC PUBLIC HEALTH,,1471-2458
BMC Psychiatry,,1471-244X
European Radiology Experimental,,2509-9280
Clinical and Experimental Pediatrics,,2713-4148
DEVELOPMENT,0950-1991,1477-9129
OBSTETRICAL & GYNECOLOGICAL SURVEY,0029-7828,1533-9866
ANNALS OF BOTANY,0305-7364,1095-8290
MATURITAS,0378-5122,1873-4111
NeuroImage-Clinical,2213-1582,2213-1582
PLoS Computational Biology,1553-734X,1553-7358
Journal of Applied Research on Medicinal and Aromatic Plants,,2214-7861
JOURNAL OF NATURAL PRODUCTS,0163-3864,1520-6025
MOLECULAR PHYLOGENETICS AND EVOLUTION,1055-7903,1095-9513
CLINICAL NEUROPHYSIOLOGY,1388-2457,1872-8952
Plants People Planet,,2572-2611
EXPERT REVIEW OF MOLECULAR DIAGNOSTICS,1473-7159,1744-8352
JOURNAL OF BIOGEOGRAPHY,0305-0270,1365-2699
Neurocritical Care,1541-6933,1556-0961
ANAIS BRASILEIROS DE DERMATOLOGIA,0365-0596,1806-4841
PSYCHONEUROENDOCRINOLOGY,0306-4530,1873-3360
EvoDevo,,2041-9139
Journal of Climate Change and Health,,2667-2782
PLANT BIOLOGY,1435-8603,1438-8677
Journal of Evidence-Based Integrative Medicine,2515-690X,2515-690X
Database-The Journal of Biological Databases and Curation,1758-0463,1758-0463
EUROPEAN JOURNAL OF CLINICAL INVESTIGATION,0014-2972,1365-2362
Clinical Hypertension,,2056-5909
JOURNAL OF MAMMARY GLAND BIOLOGY AND NEOPLASIA,1083-3021,1573-7039
One Health Outlook,2524-4655,2524-4655
Plant Signaling & Behavior,1559-2316,1559-2324
PLANT FOODS FOR HUMAN NUTRITION,0921-9668,1573-9104
BRITISH JOURNAL OF OPHTHALMOLOGY,0007-1161,1468-2079
REGIONAL ANESTHESIA AND PAIN MEDICINE,1098-7339,1532-8651
JOURNAL OF PEDIATRICS,0022-3476,1097-6833
VETERINARY RESEARCH,0928-4249,1297-9716
AMERICAN FAMILY PHYSICIAN,0002-838X,1532-0650
IEEE Transactions on Radiation and Plasma Medical Sciences,2469-7311,2469-7303
Current Opinion in Behavioral Sciences,2352-1546,2352-1554
JOURNAL OF CLINICAL NURSING,0962-1067,1365-2702
Tropical Medicine and Health,1348-8945,1349-4147
JOURNAL OF THE AMERICAN DENTAL ASSOCIATION,0002-8177,1943-4723
REPRODUCTIVE BIOMEDICINE ONLINE,1472-6483,1472-6491
Journal of Exercise Science & Fitness,1728-869X,1728-869X
PSYCHOLOGY AND AGING,0882-7974,1939-1498
Science and Medicine in Football,2473-3938,2473-4446
AMERICAN JOURNAL OF PHYSIOLOGY-LUNG CELLULAR AND MOLECULAR PHYSIOLOGY,1040-0605,1522-1504
MOLECULAR HUMAN REPRODUCTION,1360-9947,1460-2407
SPINE,0362-2436,1528-1159
ANNALS OF SURGICAL ONCOLOGY,1068-9265,1534-4681
REGULATORY TOXICOLOGY AND PHARMACOLOGY,0273-2300,1096-0295
Parasites & Vectors,1756-3305,1756-3305
Perspectives in Ecology and Conservation,2530-0644,2530-0644
European Journal of Ageing,1613-9372,1613-9380
LGBT Health,2325-8292,2325-8306
Journal of Insects as Food and Feed,,2352-4588
Mindfulness,1868-8527,1868-8535
JOURNAL OF MAGNETIC RESONANCE IMAGING,1053-1807,1522-2586
Schizophrenia Research,0920-9964,1573-2509
PROCEEDINGS OF THE ROYAL SOCIETY B-BIOLOGICAL SCIENCES,0962-8452,1471-2954
JOURNAL OF INVESTIGATIVE SURGERY,0894-1939,1521-0553
JOURNAL OF PAIN AND SYMPTOM MANAGEMENT,0885-3924,1873-6513
npj Systems Biology and Applications,,2056-7189
JOURNAL OF SPORT MANAGEMENT,0888-4773,1543-270X
SOCIAL PSYCHIATRY AND PSYCHIATRIC EPIDEMIOLOGY,0933-7954,1433-9285
Practical Radiation Oncology,1879-8500,1879-8500
SEMINARS IN DIAGNOSTIC PATHOLOGY,0740-2570,1930-1111
Rhizosphere,,2452-2198
CANCER IMAGING,1740-5025,1470-7330
BASIC AND APPLIED ECOLOGY,1439-1791,1618-0089
BJPsych Open,2056-4724,2056-4724
Eating Disorders,1064-0266,1532-530X
COMPLEMENTARY THERAPIES IN MEDICINE,0965-2299,1873-6963
Brain Behavior & Immunity-Health,2666-3546,2666-3546
Biology-Basel,,2079-7737
International Journal of Bipolar Disorders,2194-7511,2194-7511
PSYCHO-ONCOLOGY,1057-9249,1099-1611
JTO Clinical and Research Reports,,2666-3643
AMERICAN JOURNAL OF PHARMACEUTICAL EDUCATION,0002-9459,1553-6467
Translational Lung Cancer Research,2218-6751,2226-4477
Journal of Evidence Based Medicine,1756-5383,1756-5391
Phytopathology Research,2096-5362,2524-4167
Therapeutic Advances in Urology,1756-2872,1756-2880
SEMINARS IN NEPHROLOGY,0270-9295,1558-4488
Alpha Psychiatry,,2757-8038
JOURNAL OF THE AMERICAN COLLEGE OF SURGEONS,1072-7515,1879-1190
Clinical and Experimental Otorhinolaryngology,1976-8710,2005-0720
PLASTIC AND RECONSTRUCTIVE SURGERY,0032-1052,1529-4242
European Journal of Physical and Rehabilitation Medicine,1973-9087,1973-9095
IEEE-ACM Transactions on Computational Biology and Bioinformatics,1545-5963,1557-9964
JOURNAL OF ADVANCED NURSING,0309-2402,1365-2648
Journal of Prosthodontic Research,1883-1958,2212-4632
JOURNAL OF MOLECULAR DIAGNOSTICS,1525-1578,1943-7811
JOURNAL OF PERIODONTAL RESEARCH,0022-3484,1600-0765
Andrology,2047-2919,2047-2927
AMERICAN JOURNAL OF PHYSIOLOGY-RENAL PHYSIOLOGY,1931-857X,1522-1466
JOURNAL OF MEDICAL ETHICS,0306-6800,1473-4257
HEALTH POLICY,0168-8510,1872-6054
JOURNAL OF SCIENCE AND MEDICINE IN SPORT,1440-2440,1878-1861
BIOLOGICAL CONTROL,1049-9644,1090-2112
Journal of Safety Science and Resilience,2096-7527,2666-4496
BULLETIN OF THE AMERICAN MUSEUM OF NATURAL HISTORY,0003-0090,1937-3546
BMC Medical Research Methodology,,1471-2288
Dermatologic Therapy,1396-0296,1529-8019
Health and Quality of Life Outcomes,,1477-7525
International Journal for Parasitology-Drugs and Drug Resistance,2211-3207,2211-3207
ICES JOURNAL OF MARINE SCIENCE,1054-3139,1095-9289
Kidney Medicine,2590-0595,2590-0595
PLoS Neglected Tropical Diseases,1935-2735,1935-2735
EUROPEAN JOURNAL OF PAIN,1090-3801,1532-2149
BMC Complementary Medicine and Therapies,,2662-7671
EUROPEAN EATING DISORDERS REVIEW,1072-4133,1099-0968
Frontiers in Public Health,,2296-2565
NEUROPATHOLOGY AND APPLIED NEUROBIOLOGY,0305-1846,1365-2990
WOUND REPAIR AND REGENERATION,1067-1927,1524-475X
Frontiers in Physiology,,1664-042X
Molecular and Cellular Pediatrics,,2194-7791
JOURNAL OF PHYCOLOGY,,1529-8817
Agronomy-Basel,,2073-4395
Reproductive Health,,1742-4755
Global Ecology and Conservation,,2351-9894
Conflict and Health,1752-1505,1752-1505
CANCER EPIDEMIOLOGY BIOMARKERS & PREVENTION,1055-9965,1538-7755
Drug Healthcare and Patient Safety,1179-1365,1179-1365
Indian Journal of Dermatology Venereology & Leprology,0378-6323,0973-3922
Advances in Ophthalmology Practice and Research,,2667-3762
Ticks and Tick-Borne Diseases,1877-959X,1877-9603
ACS Chemical Health & Safety,,1878-0504
JAMIA Open,,2574-2531
PHYSICS IN MEDICINE AND BIOLOGY,0031-9155,1361-6560
Public Health Research & Practice,2204-2091,2204-2091
MOLECULAR PLANT-MICROBE INTERACTIONS,0894-0282,1943-7706
PHYTOCHEMISTRY,0031-9422,1873-3700
BRITISH JOURNAL OF RADIOLOGY,0007-1285,1748-880X
ACTA BIOCHIMICA ET BIOPHYSICA SINICA,1672-9145,1745-7270
Geobiology,1472-4677,1472-4669
Biophysics Reviews,2688-4089,2688-4089
Life-Basel,,2075-1729
PATHOLOGY INTERNATIONAL,,1440-1827
Sexual Medicine Reviews,2050-0513,2050-0521
Reproduction and Fertility,,2633-8386
Presse Medicale,0755-4982,2213-0276
Seed Biology,,2834-5495
Physical Therapy,0031-9023,1538-6724
Canadian Journal of Anesthesia-Journal canadien d anesthesie,0832-610X,1496-8975
Disability and Health Journal,1936-6574,1876-7583
Journal of Applied Physiology,8750-7587,1522-1601
JOURNAL OF HEAD TRAUMA REHABILITATION,0885-9701,1550-509X
JOURNAL OF VESTIBULAR RESEARCH-EQUILIBRIUM & ORIENTATION,0957-4271,1878-6464
DEPRESSION AND ANXIETY,1091-4269,1520-6394
Health Economics Policy and Law,1744-1331,1744-134X
Journal of Minimally Invasive Gynecology,1553-4650,1553-4669
International Journal of Mental Health Nursing,1445-8330,1447-0349
ADVANCES IN HEALTH SCIENCES EDUCATION,1382-4996,1573-1677
Implementation Science Communications,,2662-2211
Behavioral and Brain Functions,,1744-9081
RISK ANALYSIS,0272-4332,1539-6924
Journal of ISAKOS Joint Disorders & Orthopaedic Sports Medicine,2059-7754,2059-7762
PEDIATRIC DRUGS,1174-5878,1179-2019
PSYCHOLOGY OF SPORT AND EXERCISE,1469-0292,1878-5476
HUMAN BRAIN MAPPING,1065-9471,1097-0193
ANIMAL REPRODUCTION SCIENCE,0378-4320,1873-2232
JOURNAL OF NEURORADIOLOGY,0150-9861,1773-0406
Journal of Sexual Medicine,1743-6095,1743-6109
EUROPEAN JOURNAL OF RADIOLOGY,0720-048X,1872-7727
Adolescent Health Medicine and Therapeutics,1179-318X,1179-318X
Applied Health Economics and Health Policy,1175-5652,1179-1896
CORTEX,0010-9452,1973-8102
Digital Health,2055-2076,2055-2076
Reproductive Medicine and Biology,1445-5781,1447-0578
EJNMMI Radiopharmacy and Chemistry,,2365-421X
Physics & Imaging in Radiation Oncology,,2405-6316
Annals of Pediatric Endocrinology & Metabolism,2287-1012,2287-1292
Disease Models & Mechanisms,1754-8403,1754-8411
Health Care Science,2771-1749,2771-1757
Health Reports,0840-6529,1209-1367
Diagnostics,,2075-4418
Health Economics Review,2191-1991,2191-1991
BMC BIOINFORMATICS,1471-2105,1471-2105
Journal of Transport & Health,2214-1405,
Archives of Medical Science,1734-1922,1896-9151
Emerging Topics in Life Sciences,2397-8554,2397-8562
JOURNALS OF GERONTOLOGY SERIES B-PSYCHOLOGICAL SCIENCES AND SOCIAL SCIENCES,1079-5014,1758-5368
Dermatitis,1710-3568,2162-5220
ANGLE ORTHODONTIST,0003-3219,1945-7103
Ophthalmology Glaucoma,2589-4234,2589-4196
ARCHIVES OF DISEASE IN CHILDHOOD,0003-9888,1468-2044
GERONTOLOGIST,0016-9013,1758-5341
Journal of the World Federation of Orthodontists,2212-4438,2212-4438
ACADEMIC EMERGENCY MEDICINE,1069-6563,1553-2712
JOURNAL OF CATARACT AND REFRACTIVE SURGERY,0886-3350,1873-4502
AMERICAN JOURNAL OF NEPHROLOGY,0250-8095,1421-9670
Brazilian Journal of Physical Therapy,1413-3555,1809-9246
Journal of Periodontal and Implant Science,2093-2278,2093-2286
Journal of Addiction Medicine,1932-0620,1935-3227
INTERNATIONAL JOURNAL FOR PARASITOLOGY,0020-7519,1879-0135
International Journal of Veterinary Science and Medicine,2314-4580,2314-4599
BMJ Open Sport & Exercise Medicine,,2055-7647
Ophthalmology and Therapy,2193-8245,2193-6528
EVOLUTION AND HUMAN BEHAVIOR,1090-5138,1879-0607
Insect Conservation and Diversity,1752-458X,1752-4598
Preventive Medicine,0091-7435,1096-0260
Health Research Policy and Systems,1478-4505,1478-4505
HEALTH SERVICES RESEARCH,0017-9124,1475-6773
PSYCHIATRIC SERVICES,1075-2730,1557-9700
SKIN RESEARCH AND TECHNOLOGY,0909-752X,1600-0846
Addiction Science & Clinical Practice,1940-0640,1940-0640
Animal Cells and Systems,1976-8354,2151-2485
EYE,0950-222X,1476-5454
Clinical Epidemiology,1179-1349,1179-1349
EJNMMI Physics,2197-7364,2197-7364
JOURNAL OF RENAL NUTRITION,1051-2276,1532-8503
MEDICAL PHYSICS,0094-2405,2473-4209
Substance Abuse Treatment Prevention and Policy,,1747-597X
JOURNAL OF APPLIED SPORT PSYCHOLOGY,1041-3200,1533-1571
Qualitative Research in Sport Exercise and Health,2159-676X,2159-6778
PUBLIC HEALTH,0033-3506,1476-5616
Hematology-American Society of Hematology Education Program,1520-4391,1520-4383
HEALTH EXPECTATIONS,1369-6513,1369-7625
JOURNAL OF ANIMAL SCIENCE AND TECHNOLOGY,2672-0191,2055-0391
Archives of Public Health,0778-7367,2049-3258
Biomedical Optics Express,2156-7085,2156-7085
BMC MEDICAL IMAGING,1471-2342,1471-2342
International Journal of Health Geographics,1476-072X,1476-072X
World Journal Of Emergency Medicine,1920-8642,1920-8642
Cosmetics,,2079-9284
Frontiers in Forests and Global Change,,2624-893X
SKIN PHARMACOLOGY AND PHYSIOLOGY,1660-5527,1660-5535
Journal of Mental Health,0963-8237,1360-0567
CLIMACTERIC,1369-7137,1473-0804
SEMINARS IN PERINATOLOGY,0146-0005,1558-075X
Annals of Global Health,2214-9996,2214-9996
Magnetic Resonance in Medical Sciences,1347-3182,1880-2206
Radiation Oncology,,1748-717X
MARINE ENVIRONMENTAL RESEARCH,0141-1136,1879-0291
SEMINARS IN RADIATION ONCOLOGY,1053-4296,1532-9461
International Journal of Medical Sciences,1449-1907,1449-1907
INTERNATIONAL JOURNAL OF DERMATOLOGY,0011-9059,1365-4632
Anesthesia and Pain Medicine,1975-5171,2383-7977
QUARTERLY REVIEW OF BIOLOGY,0033-5770,1539-7718
JOURNAL OF HUMAN EVOLUTION,0047-2484,1095-8606
Insect Systematics and Diversity,,2399-3421
Porcine Health Management,,2055-5660
International Journal of Nursing Sciences,,2352-0132
Journal of Dental Sciences,1991-7902,2213-8862
Health Sociology Review,1446-1242,1839-3551
Forensic Science International-Genetics,1872-4973,1878-0326
Scandinavian Journal of Trauma Resuscitation & Emergency Medicine,1757-7241,1757-7241
OBESITY SURGERY,0960-8923,1708-0428
Italian Journal of Pediatrics,1720-8424,1824-7288
PEDIATRIC RESEARCH,0031-3998,1530-0447
BMC Oral Health,1472-6831,1472-6831
Clinical Oral Investigations,1432-6981,1436-3771
Bone & Joint Open,2633-1462,2633-1462
DENTAL TRAUMATOLOGY,1600-4469,1600-9657
GENETICS SELECTION EVOLUTION,0999-193X,1297-9686
Social Cognitive and Affective Neuroscience,1749-5016,1749-5024
IRISH VETERINARY JOURNAL,0368-0762,2046-0481
American Journal of Obstetrics & Gynecology MFM,2589-9333,2589-9333
JOURNAL OF NEUROSURGERY-SPINE,1547-5654,1547-5646
ACTA OBSTETRICIA ET GYNECOLOGICA SCANDINAVICA,0001-6349,1600-0412
Food and Waterborne Parasitology,2405-6766,2405-6766
BMC Medical Ethics,1472-6939,1472-6939
Global Transitions,2589-7918,2589-7918
Neurobiology of Language,2641-4368,2641-4368
OCCUPATIONAL AND ENVIRONMENTAL MEDICINE,1351-0711,1470-7926
Dentistry Journal,,2304-6767
PATIENT EDUCATION AND COUNSELING,0738-3991,1873-5134
INTERNATIONAL JOURNAL OF HEALTH SERVICES,0020-7314,1541-4469
SSM-Population Health,2352-8273,2352-8273
Journal of Epidemiology and Global Health,2210-6006,2210-6014
VETERINARY JOURNAL,1090-0233,1532-2971
JCPP Advances,2692-9384,2692-9384
Journal of Hospital Infection,0195-6701,1532-2939
STUDIES IN FAMILY PLANNING,0039-3665,1728-4465
HEALTH POLICY AND PLANNING,0268-1080,1460-2237
Patient-Patient Centered Outcomes Research,1178-1653,1178-1661
Annals of Cardiothoracic Surgery,2225-319X,2304-1021
CLINICAL JOURNAL OF PAIN,0749-8047,1536-5409
JOURNAL OF PUBLIC HEALTH,1741-3842,1741-3850
Frontiers in Oral Health,,2673-4842
SALUD PUBLICA DE MEXICO,0036-3634,1606-7916
Current Research in Parasitology & Vector-Borne Diseases,2667-114X,2667-114X
Kidney Diseases,2296-9381,2296-9357
EUROPEAN CELLS & MATERIALS,1473-2262,1473-2262
AMERICAN JOURNAL OF INDUSTRIAL MEDICINE,0271-3586,1097-0274
NEUROPSYCHOBIOLOGY,0302-282X,1423-0224
Molecular Informatics,1868-1743,1868-1751
COMPUTATIONAL BIOLOGY AND CHEMISTRY,1476-9271,1476-928X
BIODIVERSITY AND CONSERVATION,0960-3115,1572-9710
INTERNATIONAL JOURNAL OF TECHNOLOGY ASSESSMENT IN HEALTH CARE,0266-4623,1471-6348
Scientifica,2090-908X,2090-908X
Journal of Anesthesia Analgesia and Critical Care,,2731-3786
Trends in Hearing,2331-2165,2331-2165
Neonatology,1661-7800,1661-7819
Insect Science,1672-9609,1744-7917
Nurse Educator,0363-3624,1538-9855
JOURNAL OF STRENGTH AND CONDITIONING RESEARCH,1064-8011,1533-4287
JOURNAL OF REFRACTIVE SURGERY,1081-597X,1938-2391
DYSPHAGIA,0179-051X,1432-0460
AMERICAN JOURNAL OF ORTHODONTICS AND DENTOFACIAL ORTHOPEDICS,0889-5406,1097-6752
Transboundary and Emerging Diseases,1865-1674,1865-1682
npj Science of Learning,,2056-7936
MENOPAUSE-The Journal of the Menopause Society,1072-3714,1530-0374
Neurosurgical Focus,1092-0684,1092-0684
Journal of Robotic Surgery,1863-2483,1863-2491
PAIN MEDICINE,1526-2375,1526-4637
European Journal of Sport Science,1746-1391,1536-7290
Physiotherapy,0031-9406,1873-1465
Nursing Inquiry,1320-7881,1440-1800
RENAL FAILURE,0886-022X,1525-6049
EUROPEAN JOURNAL OF CARDIO-THORACIC SURGERY,1010-7940,1873-734X
Journal of Vascular Surgery-Venous and Lymphatic Disorders,2213-333X,2213-333X
TRANSPLANT INTERNATIONAL,0934-0874,1432-2277
NeoBiota,1619-0033,1314-2488
STRENGTH AND CONDITIONING JOURNAL,1524-1602,1533-4295
European Journal of Health Economics,1618-7598,1618-7601
BMC Palliative Care,1472-684X,1472-684X
Kidney360,2641-7650,2641-7650
Frontiers in Insect Science,,2673-8600
SUPPORTIVE CARE IN CANCER,0941-4355,1433-7339
JOURNAL OF COGNITIVE NEUROSCIENCE,0898-929X,1530-8898
JOURNAL OF MEDICAL ECONOMICS,1369-6998,1941-837X
JOURNAL OF MOLECULAR GRAPHICS & MODELLING,1093-3263,1873-4243
MALARIA JOURNAL,,1475-2875
NEUROPSYCHOLOGY,0894-4105,1931-1559
Global Spine Journal,2192-5682,2192-5690
Journal of Osteoporosis,2090-8059,2042-0064
JOURNAL OF APPLIED PHYCOLOGY,0921-8971,1573-5176
MOLECULAR BREEDING,1380-3743,1572-9788
BIOORGANIC & MEDICINAL CHEMISTRY,0968-0896,1464-3391
Frontiers in Medicine,,2296-858X
Frontiers in Marine Science,,2296-7745
Schizophrenia Research-Cognition,2215-0013,2215-0013
CHIRALITY,0899-0042,1520-636X
SEED SCIENCE AND TECHNOLOGY,0251-0952,1819-5717
Precision and Future Medicine,2508-7940,2508-7959
JOURNAL OF LEARNING DISABILITIES,0022-2194,1538-4780
JOURNAL OF PROFESSIONAL NURSING,8755-7223,1532-8481
LANGUAGE SPEECH AND HEARING SERVICES IN SCHOOLS,0161-1461,1558-9129
JOURNAL OF THERMAL BIOLOGY,0306-4565,1879-0992
Frontiers in Veterinary Science,,2297-1769
Insects,,2075-4450
JOURNAL OF NURSING SCHOLARSHIP,1527-6546,1547-5069
JOURNAL OF SHOULDER AND ELBOW SURGERY,1058-2746,1532-6500
Archives of Physiotherapy,,2057-0082
Journal of Family Nursing,1074-8407,1552-549X
DOCUMENTA OPHTHALMOLOGICA,0012-4486,1573-2622
CLINICAL REHABILITATION,0269-2155,1477-0873
Brain Structure & Function,1863-2653,1863-2661
Canadian Journal of Nursing Research,0844-5621,1705-7051
EJSO,0748-7983,1532-2157
ORAL DISEASES,1354-523X,1601-0825
CORAL REEFS,0722-4028,1432-0975
Sports,,2075-4663
Adversity and Resilience Science,2662-2424,2662-2416
BURNS,0305-4179,1879-1409
SHOCK,1073-2322,1540-0514
Annals of Rehabilitation Medicine-ARM,,2234-0653
Journal of Patient-Reported Outcomes,,2509-8020
Molecular Oral Microbiology,2041-1006,2041-1014
Phycology,,2673-9410
Journal of Clinical Medicine,,2077-0383
JOURNAL OF SEA RESEARCH,1385-1101,1873-1414
Breast Cancer,1340-6868,1880-4233
Techniques in Coloproctology,1123-6337,1128-045X
Pregnancy Hypertension-An International Journal of Womens Cardiovascular Health,2210-7789,2210-7789
Journal of Psychiatric and Mental Health Nursing,1351-0126,1365-2850
Womens Health,1745-5057,1745-5065
ULTRASCHALL IN DER MEDIZIN,0172-4614,1438-8782
Journal of Cancer Survivorship,1932-2259,1932-2267
Frontiers in Behavioral Neuroscience,1662-5153,
Endangered Species Research,1863-5407,1613-4796
Laboratory Animal Research,1738-6055,2233-7660
Frontiers in Integrative Neuroscience,1662-5145,1662-5145
STRESS-THE INTERNATIONAL JOURNAL ON THE BIOLOGY OF STRESS,1025-3890,1607-8888
Best Practice & Research-Clinical Anaesthesiology,1521-6896,1878-1608
EAR AND HEARING,0196-0202,1538-4667
ZOOLOGICAL JOURNAL OF THE LINNEAN SOCIETY,0024-4082,1096-3642
JOURNAL OF HEALTH POLITICS POLICY AND LAW,0361-6878,
Academic Pediatrics,1876-2859,1876-2867
Seminars in Fetal & Neonatal Medicine,1744-165X,1878-0946
JOURNAL OF STORED PRODUCTS RESEARCH,0022-474X,1879-1212
International Breastfeeding Journal,1746-4358,1746-4358
Current Pediatrics Reports,,2167-4841
Journal of Orthopaedic Surgery and Research,1749-799X,1749-799X
BMJ Sexual & Reproductive Health,2515-1991,2515-2009
JOURNAL OF THE AMERICAN ACADEMY OF ORTHOPAEDIC SURGEONS,1067-151X,1940-5480
CANADIAN JOURNAL OF OPHTHALMOLOGY-JOURNAL CANADIEN D OPHTALMOLOGIE,0008-4182,1715-3360
Journal of Athletic Training,1062-6050,1938-162X
Journal of Tissue Viability,0965-206X,1876-4746
Asia-Pacific Journal of Oncology Nursing,2347-5625,2349-6673
BMC Sports Science Medicine and Rehabilitation,2052-1847,2052-1847
SURGICAL CLINICS OF NORTH AMERICA,0039-6109,1558-3171
AESTHETIC PLASTIC SURGERY,0364-216X,1432-5241
Archives of Osteoporosis,1862-3522,1862-3514
BIOMETRIKA,0006-3444,1464-3510
ACTA OPHTHALMOLOGICA,1755-375X,1755-3768
Journal of Hepato-Biliary-Pancreatic Sciences,1868-6974,1868-6982
Games for Health Journal,2161-783X,2161-7856
Journal of Human Kinetics,1640-5544,1899-7562
PSYCHOPHYSIOLOGY,0048-5772,1469-8986
Journal of Eye Movement Research,1995-8692,1995-8692
Journal Of Bone And Joint Infection,,2206-3552
Osteoarthritis and Cartilage Open,,2665-9131
Osteoporosis and Sarcopenia,2405-5255,2405-5263
Wearable Technologies,,2631-7176
PM&R,1934-1482,1934-1563
INTERNATIONAL JOURNAL OF GERIATRIC PSYCHIATRY,0885-6230,1099-1166
MARINE BIOTECHNOLOGY,1436-2228,1436-2236
Minerva Anestesiologica,0375-9393,1827-1596
Maxillofacial Plastic and Reconstructive Surgery,2288-8101,2288-8586
YONSEI MEDICAL JOURNAL,0513-5796,1976-2437
Fish and Shellfish Immunology Reports,2667-0119,2667-0119
JOURNAL OF PLANT NUTRITION AND SOIL SCIENCE,1436-8730,1522-2624
POSTGRADUATE MEDICINE,0032-5481,1941-9260
ACADEMIC PSYCHIATRY,1042-9670,1545-7230
Ornithological Applications,0010-5422,2732-4621
Pediatric Obesity,2047-6302,2047-6310
SURGERY,0039-6060,
Animals,2076-2615,2076-2615
HEALTH COMMUNICATION,1041-0236,1532-7027
NURSING ETHICS,0969-7330,1477-0989
AMERICAN JOURNAL OF SURGERY,0002-9610,1879-1883
Australian Critical Care,1036-7314,1878-1721
SURGICAL ENDOSCOPY AND OTHER INTERVENTIONAL TECHNIQUES,0930-2794,1432-2218
Current Research in Insect Science,,2666-5158
Journal of Integrated Pest Management,,2155-7470
EMERGENCY MEDICINE JOURNAL,1472-0205,1472-0213
BMC Pregnancy and Childbirth,,1471-2393
International Journal of Nursing Studies Advances,2666-142X,2666-142X
BIOCONTROL,1386-6141,1573-8248
European Journal of Paediatric Dentistry,1591-996X,2035-648X
INTERNATIONAL JOURNAL OF ORAL AND MAXILLOFACIAL SURGERY,0901-5027,1399-0020
SOCIOLOGY OF HEALTH & ILLNESS,0141-9889,1467-9566
EUROPEAN JOURNAL OF ORTHODONTICS,0141-5387,1460-2210
PSYCHOLOGY OF ADDICTIVE BEHAVIORS,0893-164X,1939-1501
VETERINARY MICROBIOLOGY,0378-1135,1873-2542
Fire-Switzerland,2571-6255,2571-6255
Journal of Experimental Orthopaedics,,2197-1153
JOURNAL OF ADHESIVE DENTISTRY,1461-5185,1757-9988
Transcultural Psychiatry,1363-4615,1461-7471
European Journal of Oncology Nursing,1462-3889,1532-2122
SPORT EDUCATION AND SOCIETY,1357-3322,1470-1243
BMC Womens Health,,1472-6874
PALEOBIOLOGY,0094-8373,1938-5331
Colorectal Disease,1462-8910,1463-1318
JOURNAL OF ASSISTED REPRODUCTION AND GENETICS,1058-0468,1573-7330
FRESHWATER BIOLOGY,0046-5070,1365-2427
Hormone Research in Paediatrics,1663-2818,1663-2826
JOURNAL OF VEGETATION SCIENCE,1100-9233,1654-1103
NMR IN BIOMEDICINE,0952-3480,1099-1492
JOURNAL OF THE AMERICAN SOCIETY FOR MASS SPECTROMETRY,1044-0305,1879-1123
POSTGRADUATE MEDICAL JOURNAL,0032-5473,1469-0756
PRENATAL DIAGNOSIS,0197-3851,1097-0223
Pragmatic and Observational Research,1179-7266,1179-7266
Research in Developmental Disabilities,0891-4222,1873-3379
Journal of the American Board of Family Medicine,1557-2625,1558-7118
Frontiers in Zoology,1742-9994,1742-9994
BMC Primary Care,,2731-4553
EUROPEAN JOURNAL OF PEDIATRICS,0340-6199,1432-1076
Nursing in Critical Care,1362-1017,1478-5153
BMC EMERGENCY MEDICINE,1471-227X,1471-227X
BMC Veterinary Research,,1746-6148
Health & Justice,,2194-7899
JOURNAL OF EXPERIMENTAL BIOLOGY,0022-0949,1477-9145
Policy Politics & Nursing Practice,1527-1544,1552-7468
Wiley Interdisciplinary Reviews: Forensic Science,,2573-9468
International Journal of Womens Health,1179-1411,1179-1411
Journal of the Pediatric Infectious Diseases Society,2048-7193,2048-7207
PEDIATRIC NEPHROLOGY,0931-041X,1432-198X
Journal of Cardiovascular Nursing,0889-4655,1550-5049
Maternal and Child Nutrition,1740-8695,1740-8709
ESTUARINE COASTAL AND SHELF SCIENCE,0272-7714,1096-0015
HEART & LUNG,0147-9563,1527-3288
JOURNAL OF PEDIATRIC GASTROENTEROLOGY AND NUTRITION,0277-2116,1536-4801
Korean Journal of Family Medicine,2092-6715,2092-6715
SUICIDE AND LIFE-THREATENING BEHAVIOR,0363-0234,1943-278X
Tropical Medicine and Infectious Disease,,2414-6366
JOURNAL OF ZOOLOGICAL SYSTEMATICS AND EVOLUTIONARY RESEARCH,0947-5745,1439-0469
Diagnostic and Prognostic Research,,2397-7523
AQUATIC BOTANY,0304-3770,1879-1522
Crisis-The Journal of Crisis Intervention and Suicide Prevention,0227-5910,2151-2396
HONG KONG MEDICAL JOURNAL,1024-2708,1024-2708
Jornal de Pediatria,0021-7557,1678-4782
Clinical Simulation in Nursing,1876-1399,1876-1402
Nursing Philosophy,1466-7681,1466-769X
AMERICAN JOURNAL OF SPEECH-LANGUAGE PATHOLOGY,1058-0360,1558-9110
Journal of Pediatric Surgery,0022-3468,1531-5037
OTOLARYNGOLOGY-HEAD AND NECK SURGERY,0194-5998,1097-6817
European Journal of General Practice,1381-4788,1751-1402
DYSLEXIA,1076-9242,1099-0909
MIDWIFERY,0266-6138,1532-3099
SURGEON-JOURNAL OF THE ROYAL COLLEGES OF SURGEONS OF EDINBURGH AND IRELAND,1479-666X,2405-5840
WOMENS HEALTH ISSUES,1049-3867,1878-4321
Journal of Nursing Research,1682-3141,1948-965X
Forensic Science International,0379-0738,1872-6283
HEARING RESEARCH,0378-5955,1878-5891
PAEDIATRIC AND PERINATAL EPIDEMIOLOGY,0269-5022,1365-3016
THERIOGENOLOGY,0093-691X,1879-3231
SAGE Open Nursing,2377-9608,2377-9608
BIRTH-ISSUES IN PERINATAL CARE,0730-7659,1523-536X
International Wound Journal,1742-4801,1742-481X
WORLD JOURNAL OF SURGERY,0364-2313,1432-2323
TISSUE & CELL,0040-8166,
Topics in Stroke Rehabilitation,1074-9357,1945-5119
Journal of Policy and Practice in Intellectual Disabilities,1741-1122,1741-1130
ACTA TROPICA,0001-706X,1873-6254
ASSISTIVE TECHNOLOGY,1040-0435,1949-3614
Prehospital and Disaster Medicine,1049-023X,1945-1938
Aquaculture Environment Interactions,1869-215X,1869-7534
CANCER NURSING,0162-220X,1538-9804
Veterinary Medicine-Research and Reports,,2230-2034
World Journal of Surgical Oncology,,1477-7819
JOURNAL OF THE FORMOSAN MEDICAL ASSOCIATION,0929-6646,1876-0821
Current Developmental Disorders Reports,,2196-2987
JOURNAL OF OCCUPATIONAL REHABILITATION,1053-0487,1573-3688
Seminars in Pediatric Surgery,1055-8586,1532-9453
Pathogens and Global Health,2047-7724,2047-7732
NEUROSURGICAL REVIEW,0344-5607,1437-2320
JOURNAL OF MARINE SYSTEMS,0924-7963,1879-1573
Animal Biotelemetry,,2050-3385
CURRENT OPINION IN PEDIATRICS,1040-8703,1531-698X
HYDROBIOLOGIA,0018-8158,1573-5117
JOURNAL OF GREAT LAKES RESEARCH,0380-1330,0380-1330
Journal of Tropical Medicine,1687-9686,1687-9694
MEMORIAS DO INSTITUTO OSWALDO CRUZ,0074-0276,1678-8060
WEED SCIENCE,0043-1745,1550-2759
BioMedicine-Taiwan,2211-8020,2211-8039
INDIAN JOURNAL OF MEDICAL RESEARCH,0971-5916,0971-5916
JOURNAL OF INVERTEBRATE PATHOLOGY,0022-2011,1096-0805
Journal of Law and the Biosciences,2053-9711,2053-9711
JOURNAL OF VOICE,0892-1997,1873-4588
CLINICS IN PERINATOLOGY,0095-5108,1557-9840
PREVENTIVE VETERINARY MEDICINE,0167-5877,1873-1716
Myrmecological News,1994-4136,
JOURNAL OF NEUROSURGICAL ANESTHESIOLOGY,0898-4921,1537-1921
DEVELOPMENTAL AND COMPARATIVE IMMUNOLOGY,0145-305X,1879-0089
Hernia,1265-4906,1248-9204
JOURNAL OF ECONOMIC ENTOMOLOGY,0022-0493,1938-291X
RESEARCH IN NURSING & HEALTH,0160-6891,1098-240X
Journal of Perinatology,0743-8346,1476-5543
AMERICAN JOURNAL OF PHYSICAL MEDICINE & REHABILITATION,0894-9115,1537-7385
European Annals of Otorhinolaryngology-Head and Neck Diseases,1879-7296,1879-730X
Physical Therapy in Sport,1466-853X,
QUALITATIVE HEALTH RESEARCH,1049-7323,1552-7557
Frontiers in Global Womens Health,,2673-5059
JOURNAL OF ANIMAL PHYSIOLOGY AND ANIMAL NUTRITION,0931-2439,1439-0396
Frontiers in Animal Science,,2673-6225
HPB,1365-182X,1477-2574
Journal of Plastic Reconstructive and Aesthetic Surgery,1748-6815,1878-0539
Fishes,,2410-3888
Geriatric Nursing,0197-4572,1528-3984
Seminars in Vascular Surgery,0895-7967,1558-4518
Resuscitation Plus,2666-5204,2666-5204
INTERNATIONAL JOURNAL OF RADIATION BIOLOGY,0955-3002,1362-3095
Journal of the Chinese Medical Association,1726-4901,1728-7731
Surgical Oncology Clinics of North America,1055-3207,1558-5042
JOURNAL OF GASTROINTESTINAL SURGERY,1091-255X,1873-4626
Regional Studies in Marine Science,2352-4855,2352-4855
ALGAE,1226-2617,2093-0860
Medicina-Lithuania,1010-660X,1648-9144
SURGICAL ONCOLOGY-OXFORD,0960-7404,1879-3320
CANADIAN FAMILY PHYSICIAN,0008-350X,1715-5258
LASERS IN MEDICAL SCIENCE,0268-8921,1435-604X
STEREOTACTIC AND FUNCTIONAL NEUROSURGERY,1011-6125,1423-0372
JBJS Reviews,2329-9185,2329-9185
Pleura and Peritoneum,2364-7671,2364-768X
INTERNATIONAL JOURNAL OF CLINICAL PRACTICE,1368-5031,1742-1241
KOREAN JOURNAL OF INTERNAL MEDICINE,1226-3303,2005-6648
Clinics,1807-5932,1980-5322
ANNALS OF DYSLEXIA,0736-9387,1934-7243
American Journal of Rhinology & Allergy,1945-8924,1945-8932
Vertebrate Zoology,1864-5755,
CLINICAL ANATOMY,0897-3806,1098-2353
AMERICAN JOURNAL OF COMMUNITY PSYCHOLOGY,0091-0562,1573-2770
Journal of Pediatric Nursing-Nursing Care of Children & Families,0882-5963,
JOURNAL OF INSECT PHYSIOLOGY,0022-1910,1879-1611
Nursing Research and Practice,2090-1429,2090-1437
MAMMALIAN BIOLOGY,1616-5047,1618-1476
Evolutionary Human Sciences,,2513-843X
Asian Nursing Research,1976-1317,2093-7482
Veterinary Sciences,,2306-7381
Nursing Open,2054-1058,2054-1058
ANIMAL WELFARE,0962-7286,2054-1538
Journal of Emergency Nursing,0099-1767,1527-2966
JOURNAL OF MIDWIFERY & WOMENS HEALTH,1526-9523,1542-2011
BRAIN AND LANGUAGE,0093-934X,1090-2155
Clinical and Experimental Emergency Medicine,2383-4625,2383-4625
JARO-JOURNAL OF THE ASSOCIATION FOR RESEARCH IN OTOLARYNGOLOGY,1525-3961,1438-7573
ANTHROZOOS,0892-7936,1753-0377
Italian Journal of Animal Science,1594-4077,1828-051X
JOURNAL OF REHABILITATION MEDICINE,1650-1977,1651-2081
HASTINGS CENTER REPORT,0093-0334,1552-146X
Frontiers in Neuroanatomy,1662-5129,1662-5129
Chiropractic & Manual Therapies,,2045-709X
JOURNAL OF ELECTROMYOGRAPHY AND KINESIOLOGY,1050-6411,1873-5711
Inland Waters,2044-2041,2044-205X
International Journal of Qualitative Studies on Health and Well-Being,1748-2623,1748-2631
MEDICAL MYCOLOGY,1369-3786,1460-2709
HEALTH & SOCIAL CARE IN THE COMMUNITY,0966-0410,1365-2524
Zoonoses and Public Health,1863-1959,1863-2378
INSECT MOLECULAR BIOLOGY,0962-1075,1365-2583
Turkish Journal of Emergency Medicine,2452-2473,2452-2473
REHABILITATION,0034-3536,1439-1309
CONTRIBUTIONS TO ZOOLOGY,1383-4517,1875-9866
EUROPEAN ARCHIVES OF OTO-RHINO-LARYNGOLOGY,0937-4477,1434-4726
EQUINE VETERINARY JOURNAL,0425-1644,2042-3306
Journal of Otolaryngology-Head & Neck Surgery,1916-0216,1916-0216
AVIAN PATHOLOGY,0307-9457,1465-3338
HEAD AND NECK-JOURNAL FOR THE SCIENCES AND SPECIALTIES OF THE HEAD AND NECK,1043-3074,1097-0347
JOURNAL OF SPEECH LANGUAGE AND HEARING RESEARCH,1092-4388,1558-9102
Musculoskeletal Science and Practice,2468-7812,2468-7812
JOURNAL OF VETERINARY INTERNAL MEDICINE,0891-6640,1939-1676
HUMAN NATURE-AN INTERDISCIPLINARY BIOSOCIAL PERSPECTIVE,1045-6767,1936-4776
JOURNAL OF SYSTEMATIC PALAEONTOLOGY,1477-2019,1478-0941
Veterinary and Animal Science,,2451-943X
VETERINARY PARASITOLOGY,0304-4017,1873-2550
APIDOLOGIE,0044-8435,1297-9678
JOURNAL OF FISH DISEASES,0140-7775,1365-2761
Disability and Rehabilitation-Assistive Technology,1748-3107,1748-3115
BEHAVIORAL ECOLOGY,1045-2249,1465-7279
COMPARATIVE BIOCHEMISTRY AND PHYSIOLOGY A-MOLECULAR & INTEGRATIVE PHYSIOLOGY,1095-6433,1531-4332
SOCIOLOGY OF SPORT JOURNAL,0741-1235,1543-2785
SPINAL CORD,1362-4393,1476-5624
JOURNAL OF COMPARATIVE PHYSIOLOGY A-NEUROETHOLOGY SENSORY NEURAL AND BEHAVIORAL PHYSIOLOGY,0340-7594,1432-1351
JOURNAL OF REPRODUCTION AND DEVELOPMENT,0916-8818,1348-4400
International Journal of Population Data Science (IJPDS),,2399-4908
IBIS,0019-1019,1474-919X
INTEGRATIVE AND COMPARATIVE BIOLOGY,1540-7063,1557-7023
Zoological Letters,2056-306X,2056-306X
Anatomical Record-Advances in Integrative Anatomy and Evolutionary Biology,1932-8486,1932-8494
Research in Autism Spectrum Disorders,1750-9467,1878-0237
ANIMAL BEHAVIOUR,0003-3472,1095-8282
MICROSCOPY RESEARCH AND TECHNIQUE,1059-910X,1097-0029
JOURNAL OF COMMUNICATION DISORDERS,0021-9924,1873-7994
BIOACOUSTICS-THE INTERNATIONAL JOURNAL OF ANIMAL SOUND AND ITS RECORDING,0952-4622,2165-0586
JOURNAL OF COMPARATIVE NEUROLOGY,0021-9967,1096-9861
JOURNAL OF FELINE MEDICINE AND SURGERY,1098-612X,1532-2750
ANIMAL COGNITION,1435-9448,1435-9456
Egyptian Journal of Biological Pest Control,1110-1768,2536-9342
INTERNATIONAL JOURNAL OF LANGUAGE & COMMUNICATION DISORDERS,1368-2822,1460-6984
International Journal of Sexual Health,1931-7611,1931-762X
JOURNAL OF MAMMALIAN EVOLUTION,1064-7554,1573-7055
Mathematical Modelling of Natural Phenomena,0973-5348,1760-6101
APHASIOLOGY,0268-7038,1464-5041
REPRODUCTION FERTILITY AND DEVELOPMENT,1031-3613,1448-5990
PSYCHOLOGY PUBLIC POLICY AND LAW,1076-8971,1939-1528
AJIDD-American Journal on Intellectual and Developmental Disabilities,1944-7515,1944-7558
JOURNAL OF MEDICAL ENTOMOLOGY,0022-2585,1938-2928
ETHNICITY & HEALTH,1355-7858,1465-3419
Current Zoology,1674-5507,2396-9814
JOURNAL OF THE AMERICAN ACADEMY OF PSYCHIATRY AND THE LAW,1093-6793,1943-3662
JOURNAL OF INTELLECTUAL DISABILITY RESEARCH,0964-2633,1365-2788
ZOOLOGICA SCRIPTA,0300-3256,1463-6409
American Journal of Biological Anthropology,2692-7691,2692-7691
DISABILITY & SOCIETY,0968-7599,1360-0508
JOURNAL OF INSECT SCIENCE,,1536-2442
JOURNAL OF APPLIED ENTOMOLOGY,0931-2048,1439-0418
JOURNAL OF COMMUNITY PSYCHOLOGY,0090-4392,1520-6629
BIOSTATISTICS,1465-4644,1468-4357
EUROPEAN JOURNAL OF WILDLIFE RESEARCH,1612-4642,1439-0574
Philosophy Ethics and Humanities in Medicine,1747-5341,1747-5341
Palaeoentomology,2624-2826,2624-2834
JOURNAL OF WOMENS HEALTH,1540-9996,1931-843X
INVERTEBRATE SYSTEMATICS,1445-5226,1447-2600
MEDICAL ANTHROPOLOGY QUARTERLY,0745-5194,1548-1387
MARINE MAMMAL SCIENCE,0824-0469,1748-7692
BEHAVIORAL ECOLOGY AND SOCIOBIOLOGY,0340-5443,1432-0762
International Journal of Speech-Language Pathology,1754-9507,1754-9515
ORGANISMS DIVERSITY & EVOLUTION,1439-6092,1618-1077
VEGETATION HISTORY AND ARCHAEOBOTANY,0939-6314,1617-6278
JOURNAL OF WILDLIFE MANAGEMENT,0022-541X,1937-2817
Integrative Organismal Biology,,2517-4843
STATISTICAL METHODS IN MEDICAL RESEARCH,0962-2802,1477-0334
JOURNAL OF AVIAN BIOLOGY,0908-8857,1600-048X
INTERNATIONAL JOURNAL OF PRIMATOLOGY,0164-0291,1573-8604
Focus on Autism and Other Developmental Disabilities,1088-3576,1538-4829
AMERICAN JOURNAL OF PRIMATOLOGY,0275-2565,1098-2345
PHYSIOLOGICAL AND BIOCHEMICAL ZOOLOGY,1522-2152,1537-5293
Neotropical Ichthyology,1679-6225,
COMPARATIVE BIOCHEMISTRY AND PHYSIOLOGY B-BIOCHEMISTRY & MOLECULAR BIOLOGY,1096-4959,1879-1107
CULTURE MEDICINE AND PSYCHIATRY,0165-005X,1573-076X
BRAIN BEHAVIOR AND EVOLUTION,0006-8977,1421-9743
BIOMETRICAL JOURNAL,0323-3847,1521-4036
STATISTICS IN MEDICINE,0277-6715,1097-0258
Zoologia,1984-4689,1984-4689
Ornithology,0004-8038,2732-4613
Avian Research,2053-7166,2053-7166
Medical Law Review,0967-0742,1464-3790
JOURNAL OF LAW MEDICINE & ETHICS,1073-1105,1748-720X
AMERICAN JOURNAL OF HUMAN BIOLOGY,1042-0533,1520-6300
MEDICINE SCIENCE AND THE LAW,0025-8024,2042-1818
Learning Disabilities Research & Practice,0938-8982,1540-5826
Intellectual and Developmental Disabilities,1934-9491,1934-9556
JOURNAL OF EARLY INTERVENTION,1053-8151,2154-3992
BIRD CONSERVATION INTERNATIONAL,0959-2709,1474-0001
Psychiatry Psychology and Law,1321-8719,1934-1687
NEW GENETICS AND SOCIETY,1463-6778,1469-9915
Birds,,2673-6004
JOURNAL OF ORNITHOLOGY,2193-7192,2193-7206
INTERNATIONAL JOURNAL OF LAW AND PSYCHIATRY,0160-2527,1873-6386
MEDICAL HISTORY,0025-7273,2048-8343
ZEITSCHRIFT FUR PSYCHOSOMATISCHE MEDIZIN UND PSYCHOTHERAPIE,1438-3608,2196-8349
Journal of Molecular Cell Biology,1674-2788,1759-4685
CELL PROLIFERATION,0960-7722,1365-2184
Cells,,2073-4409
Stem Cells Translational Medicine,2157-6564,2157-6580
Expert Review of Vaccines,1476-0584,1744-8395
Wiley Interdisciplinary Reviews-RNA,1757-7004,1757-7012
Molecular Therapy Methods & Clinical Development,,2329-0501
Cell Regeneration,,2045-9769
Nanomedicine-Nanotechnology Biology and Medicine,1549-9634,1549-9642
CURRENT ALLERGY AND ASTHMA REPORTS,1529-7322,1534-6315
MOLECULES,,1420-3049
Tissue Engineering Part B-Reviews,1937-3368,1937-3376
Molecular Oncology,1574-7891,1878-0261
JOURNAL OF BIOMEDICAL INFORMATICS,1532-0464,1532-0480
JOURNAL OF MOLECULAR BIOLOGY,0022-2836,1089-8638
Antibody Therapeutics,,2516-4236
Research and Reports in Tropical Medicine,1179-7282,1179-7282
Nucleus,1949-1034,1949-1042
Cancers,,2072-6694
Biomedical Journal,2319-4170,2320-2890
ImmunoTargets and Therapy,,2253-1556
Skeletal Muscle,2044-5040,2044-5040
Transcription-Austin,2154-1264,2154-1272
CANCER SCIENCE,1347-9032,1349-7006
European Thyroid Journal,2235-0640,2235-0802
World Allergy Organization Journal,1939-4551,1939-4551
ACS Bio & Med Chem Au,,2694-2437
Allergy Asthma & Immunology Research,2092-7355,2092-7363
CURRENT OPINION IN CELL BIOLOGY,0955-0674,1879-0410
EUROPEAN JOURNAL OF CELL BIOLOGY,0171-9335,1618-1298
BIOCHEMICAL JOURNAL,0264-6021,1470-8728
BIOCHEMICAL SOCIETY TRANSACTIONS,0300-5127,1470-8752
ENDOCRINOLOGY AND METABOLISM CLINICS OF NORTH AMERICA,0889-8529,1558-4410
BMC MICROBIOLOGY,1471-2180,1471-2180
ONCOLOGIST,1083-7159,1549-490X
Stem Cell Reviews and Reports,2629-3269,2629-3277
SYSTEMATIC AND APPLIED MICROBIOLOGY,0723-2020,1618-0984
Microorganisms,,2076-2607
JOURNAL OF CELLULAR AND MOLECULAR MEDICINE,1582-1838,1582-4934
WORLD JOURNAL OF MICROBIOLOGY & BIOTECHNOLOGY,0959-3993,1573-0972
Endocrinology and Metabolism,2093-596X,2093-5978
Therapeutic Advances in Medical Oncology,1758-8340,1758-8359
FEBS Journal,1742-464X,1742-4658
MEDIATORS OF INFLAMMATION,0962-9351,1466-1861
JOURNAL OF FOOD BIOCHEMISTRY,0145-8884,1745-4514
Translational Oncology,1936-5233,1936-5233
Metabolic Engineering Communications,2214-0301,2214-0301
BIOGERONTOLOGY,1389-5729,1573-6768
BMJ Open Diabetes Research & Care,,2052-4897
JOURNAL OF LIPID RESEARCH,0022-2275,1539-7262
Computational and Structural Biotechnology Journal,2001-0370,2001-0370
INTERNATIONAL BIODETERIORATION & BIODEGRADATION,0964-8305,1879-0208
JNCI Cancer Spectrum,,2515-5091
Journal of Inflammation-London,1476-9255,1476-9255
Nutrition & Metabolism,,1743-7075
ONCOLOGY RESEARCH,0965-0407,1555-3906
Tissue Engineering and Regenerative Medicine,1738-2696,2212-5469
Journal of Inflammation Research,,1178-7031
JOURNAL OF PARENTERAL AND ENTERAL NUTRITION,0148-6071,1941-2444
MACROMOLECULAR BIOSCIENCE,1616-5187,1616-5195
Immune Network,1598-2629,2092-6685
AIMS Microbiology,2471-1888,2471-1888
JOURNAL OF NEUROSCIENCE,0270-6474,1529-2401
NEUROCHEMISTRY INTERNATIONAL,0197-0186,1872-9754
Journal of Nutrition Health & Aging,1279-7707,1760-4788
ENVIRONMENTAL MICROBIOLOGY,1462-2912,1462-2920
Current Research in Biotechnology,2590-2628,2590-2628
Clinical and Translational Allergy,,2045-7022
Targeted Oncology,1776-2596,1776-260X
FEMS Microbes,,2633-6685
Microbial Risk Analysis,2352-3522,2352-3530
Journal of Functional Foods,1756-4646,2214-9414
Frontiers in Cellular Neuroscience,,1662-5102
JOURNAL OF NEUROCHEMISTRY,0022-3042,1471-4159
Journal of the Academy of Nutrition and Dietetics,2212-2672,2212-2680
PROCESS BIOCHEMISTRY,1359-5113,1873-3298
Frontiers in Molecular Biosciences,,2296-889X
Tissue Barriers,2168-8370,2168-8370
EXPERT OPINION ON BIOLOGICAL THERAPY,1471-2598,1744-7682
ACS Chemical Neuroscience,1948-7193,1948-7193
JOURNAL OF BIOTECHNOLOGY,0168-1656,1873-4863
Cognitive Neurodynamics,1871-4080,1871-4099
Diabetology & Metabolic Syndrome,,1758-5996
GASTROENTEROLOGY CLINICS OF NORTH AMERICA,0889-8553,1558-1942
ONCOLOGY REPORTS,1021-335X,1791-2431
CLINICS IN GERIATRIC MEDICINE,0749-0690,1879-8853
Intestinal Research,1598-9100,1598-9100
JOURNAL OF BIOLOGICAL CHEMISTRY,,1083-351X
JOURNAL OF ENDOCRINOLOGY,0022-0795,1479-6805
NEUROMOLECULAR MEDICINE,1535-1084,1559-1174
Journal of Obesity,2090-0708,2090-0716
Microbial Cell,2311-2638,2311-2638
Retrovirology,,1742-4690
ARCHIVUM IMMUNOLOGIAE ET THERAPIAE EXPERIMENTALIS,0004-069X,1661-4917
Nanomedicine,1743-5889,1748-6963
Journal of Cell Communication and Signaling,1873-9601,1873-961X
Metabolism and Target Organ Damage,,2769-6375
Neurophotonics,2329-423X,2329-4248
JOURNAL OF PHARMACOLOGY AND EXPERIMENTAL THERAPEUTICS,0022-3565,1521-0103
Journal of Virology,0022-538X,1098-5514
JOURNAL OF INHERITED METABOLIC DISEASE,0141-8955,1573-2665
Journal of the American Medical Directors Association,1525-8610,1538-9375
Cancer Research and Treatment,1598-2998,2005-9256
Microbiology Spectrum,,2165-0497
DIGESTIVE AND LIVER DISEASE,1590-8658,1878-3562
ARCHIVES OF GERONTOLOGY AND GERIATRICS,0167-4943,1872-6976
INTERNATIONAL JOURNAL OF OBESITY,0307-0565,1476-5497
Journal of Neural Engineering,1741-2560,1741-2552
Virology Journal,,1743-422X
Nutrition Journal,,1475-2891
Clinical & Translational Immunology,,2050-0068
JOURNAL OF PHARMACEUTICAL SCIENCES,0022-3549,1520-6017
Biocatalysis and Agricultural Biotechnology,,1878-8181
BMC Medical Informatics and Decision Making,,1472-6947
JOURNAL OF NUTRITION,0022-3166,1541-6100
CHEMICAL RESEARCH IN TOXICOLOGY,0893-228X,1520-5010
Journal of Gastric Cancer,2093-582X,2093-5641
Pharmacological Reports,1734-1140,2299-5684
ACS Chemical Biology,1554-8929,1554-8937
CLINICAL IMMUNOLOGY,1521-6616,1521-7035
NEUROCHEMICAL RESEARCH,0364-3190,1573-6903
Frontiers in Molecular Neuroscience,1662-5099,1662-5099
DRUGS & AGING,1170-229X,1179-1969
JOURNAL OF MOLECULAR ENDOCRINOLOGY,0952-5041,1479-6813
Biochemical Engineering Journal,1369-703X,1873-295X
JMIR Medical Informatics,,2291-9694
Microbiome Research Reports,,2771-5965
Esophagus,1612-9059,1612-9067
CLINICAL AND EXPERIMENTAL IMMUNOLOGY,0009-9104,1365-2249
Frontiers in Fungal Biology,,2673-6128
DRUG METABOLISM REVIEWS,0360-2532,1097-9883
ACS Pharmacology & Translational Science,,2575-9108
PLoS Genetics,1553-7404,1553-7404
AAPS Journal,1550-7416,1550-7416
JOURNAL OF MEDICAL GENETICS,0022-2593,1468-6244
JOURNAL OF MICROBIOLOGY IMMUNOLOGY AND INFECTION,1684-1182,1995-9133
BMC GENOMICS,1471-2164,1471-2164
BRAIN RESEARCH BULLETIN,0361-9230,1873-2747
APPLIED AND ENVIRONMENTAL MICROBIOLOGY,0099-2240,1098-5336
Journal of Diabetes Science and Technology,1932-2968,1932-2968
Clinical Interventions in Aging,,1178-1998
HUMAN MUTATION,1059-7794,1098-1004
AMB Express,2191-0855,2191-0855
ENZYME AND MICROBIAL TECHNOLOGY,0141-0229,1879-0909
SLAS Technology,2472-6303,2472-6311
Journal of Diabetes,1753-0393,1753-0407
NEURAL PLASTICITY,2090-5904,1687-5443
ASN Neuro,1759-0914,1759-0914
CYTOKINE,1043-4666,1096-0023
EUROPEAN JOURNAL OF IMMUNOLOGY,0014-2980,1521-4141
Metabolites,,2218-1989
BIOCHIMICA ET BIOPHYSICA ACTA-MOLECULAR CELL RESEARCH,0167-4889,1879-2596
CELLULAR SIGNALLING,0898-6568,1873-3913
MOLECULAR AND CELLULAR BIOCHEMISTRY,0300-8177,1573-4919
SEMINARS IN LIVER DISEASE,0272-8087,1098-8971
Expert Review of Clinical Immunology,1744-666X,1744-8409
Current Opinion in Toxicology,2468-2020,2468-2020
Neurobiology of Stress,2352-2895,2352-2895
INFECTION,0300-8126,1439-0973
Human Genetics and Genomics Advances,2666-2477,2666-2477
JOURNAL OF PROTEOME RESEARCH,1535-3893,1535-3907
JOURNAL OF ANTIMICROBIAL CHEMOTHERAPY,0305-7453,1460-2091
MycoKeys,1314-4057,1314-4049
INTERNATIONAL JOURNAL OF MEDICAL MICROBIOLOGY,1438-4221,1618-0607
Annals of Clinical Microbiology and Antimicrobials,,1476-0711
BONE,8756-3282,1873-2763
HUMAN GENETICS,0340-6717,1432-1203
ARCHIV DER PHARMAZIE,0365-6233,1521-4184
Journal of Translational Autoimmunity,2589-9090,2589-9090
STEM CELLS,1066-5099,1549-4918
European Geriatric Medicine,1878-7649,1878-7657
BIOLOGICAL TRACE ELEMENT RESEARCH,0163-4984,1559-0720
MOLECULAR AND CELLULAR ENDOCRINOLOGY,0303-7207,1872-8057
BIOTECHNOLOGY AND BIOENGINEERING,0006-3592,1097-0290
CURRENT OPINION IN GENETICS & DEVELOPMENT,0959-437X,1879-0380
BIOMETALS,0966-0844,1572-8773
NUTRITIONAL NEUROSCIENCE,1028-415X,1476-8305
European Cardiology Review,1758-3756,1758-3756
CLINICAL THERAPEUTICS,0149-2918,1879-114X
DIGESTION,0012-2823,1421-9867
RSC Medicinal Chemistry,,2632-8682
Journal of Immunology Research,2314-8861,2314-7156
Open Biology,,2046-2441
BIOPROCESS AND BIOSYSTEMS ENGINEERING,1615-7591,1615-7605
Epigenetics Insights,2516-8657,2516-8657
Proteomes,,2227-7382
JOURNAL OF CELL SCIENCE,0021-9533,1477-9137
NUTRITION BULLETIN,1471-9827,1467-3010
World Journal of Stem Cells,1948-0210,1948-0210
Journal of Neuroimmune Pharmacology,1557-1890,1557-1904
VASCULAR PHARMACOLOGY,1537-1891,1879-3649
AMERICAN HEART JOURNAL,0002-8703,1097-6744
Lupus Science & Medicine,2053-8790,2053-8790
Vaccine,0264-410X,1873-2518
NEUROMODULATION,1094-7159,1525-1403
NEUROBIOLOGY OF AGING,0197-4580,1558-1497
Epigenetics & Chromatin,,1756-8935
FOOD AND CHEMICAL TOXICOLOGY,0278-6915,1873-6351
Viruses-Basel,,1999-4915
JOURNAL OF ENDOCRINOLOGICAL INVESTIGATION,0391-4097,1720-8386
Orphanet Journal of Rare Diseases,,1750-1172
CLINICAL AND EXPERIMENTAL HYPERTENSION,1064-1963,1525-6006
European Review of Aging and Physical Activity,1813-7253,1861-6909
Frontiers of Medicine,2095-0217,2095-0225
METABOLIC BRAIN DISEASE,0885-7490,1573-7365
MICROBIAL PATHOGENESIS,0882-4010,1096-1208
MOLECULAR GENETICS AND METABOLISM,1096-7192,1096-7206
Molecular Medicine Reports,1791-2997,1791-3004
Human Vaccines & Immunotherapeutics,2164-5515,2164-554X
Frontiers in Systems Neuroscience,,1662-5137
CLINICAL AND EXPERIMENTAL MEDICINE,1591-8890,1591-9528
Journal of Bone Oncology,,2212-1374
MEDICAL ONCOLOGY,1357-0560,1559-131X
Regenerative Therapy,2352-3204,2352-3204
EXPERIMENTAL CELL RESEARCH,0014-4827,1090-2422
Current Pain and Headache Reports,1531-3433,1534-3081
MICROBIOLOGY-SGM,1350-0872,1465-2080
Epigenomes,,2075-4655
CURRENT MEDICINAL CHEMISTRY,0929-8673,1875-533X
CURRENT CANCER DRUG TARGETS,1568-0096,1873-5576
CURRENT OPINION IN CLINICAL NUTRITION AND METABOLIC CARE,1363-1950,1473-6519
Journal of Mass Spectrometry and Advances in the Clinical Lab,2667-1468,2667-145X
Sleep Health,2352-7218,2352-7226
SLEEP MEDICINE,1389-9457,1878-5506
Health Information Science and Systems,2047-2501,2047-2501
JOURNAL OF CLINICAL VIROLOGY,1386-6532,1873-5967
JOURNAL OF RHEUMATOLOGY,0315-162X,1499-2752
TOXICOLOGY AND APPLIED PHARMACOLOGY,0041-008X,1096-0333
Vaccines,,2076-393X
Current Heart Failure Reports,1546-9530,1546-9549
Diabetes & Metabolic Syndrome-Clinical Research & Reviews,1871-4021,1878-0334
SAUDI PHARMACEUTICAL JOURNAL,1319-0164,2213-7475
HEPATOLOGY RESEARCH,1386-6346,1872-034X
Journal of Breath Research,1752-7155,1752-7163
PARKINSONISM & RELATED DISORDERS,1353-8020,1873-5126
BMJ Open Respiratory Research,,2052-4439
ARCHIVES OF MEDICAL RESEARCH,0188-4409,1873-5487
Journal of Neuromuscular Diseases,2214-3599,2214-3602
BMC BIOTECHNOLOGY,,1472-6750
Nature and Science of Sleep,1179-1608,1179-1608
AGING CLINICAL AND EXPERIMENTAL RESEARCH,1594-0667,1720-8319
Ecological Complexity,1476-945X,1476-9840
Pituitary,1386-341X,1573-7403
Cardiovascular Therapeutics,1755-5914,1755-5922
CLINICAL AUTONOMIC RESEARCH,0959-9851,1619-1560
ChemMedChem,1860-7179,1860-7187
Biochemistry Research International,2090-2247,2090-2255
Global Mental Health,2054-4251,2054-4251
BMC CANCER,,1471-2407
Journal of Hepatocellular Carcinoma,,2253-5969
Life Metabolism,,2755-0230
Biologics-Targets & Therapy,1177-5475,1177-5491
Ecosystem Health and Sustainability,2096-4129,2332-8878
FOOD AND BIOPRODUCTS PROCESSING,0960-3085,1744-3571
PSYCHIATRIC CLINICS OF NORTH AMERICA,0193-953X,1558-3147
Research and Practice in Thrombosis and Haemostasis,,2475-0379
Asia-Pacific Psychiatry,1758-5864,1758-5872
THROMBOSIS RESEARCH,0049-3848,1879-2472
JOURNAL OF GASTROENTEROLOGY AND HEPATOLOGY,0815-9319,1440-1746
ANNALS OF MICROBIOLOGY,1590-4261,1869-2044
Journal of Diabetes Research,2314-6745,2314-6753
JOURNAL OF IMMUNOLOGY,0022-1767,1550-6606
Bosnian Journal of Basic Medical Sciences,1512-8601,1840-4812
DIABETIC MEDICINE,0742-3071,1464-5491
PHARMACOTHERAPY,0277-0008,1875-9114
Therapeutic Advances in Drug Safety,2042-0986,2042-0994
EUROPEAN JOURNAL OF MEDICAL RESEARCH,0949-2321,2047-783X
HARVARD REVIEW OF PSYCHIATRY,1067-3229,1465-7309
Journal of Neurorestoratology,2324-2426,2324-2426
RESEARCH IN MICROBIOLOGY,0923-2508,1769-7123
JOURNAL OF NEUROSCIENCE RESEARCH,0360-4012,1097-4547
Therapeutic Advances in Gastroenterology,,1756-2848
Expert Review of Neurotherapeutics,1473-7175,1744-8360
Current Opinion in Critical Care,1070-5295,1531-7072
Therapeutic Advances in Infectious Disease,2049-9361,2049-937X
Nanotoxicology,1743-5390,1743-5404
Neurodegenerative Disease Management,1758-2024,1758-2032
World Journal of Psychiatry,2220-3206,2220-3206
Breast Cancer-Targets and Therapy,1179-1314,1179-1314
Current Oncology,1198-0052,1718-7729
INTERNATIONAL REVIEW OF PSYCHIATRY,0954-0261,1369-1627
RNA Biology,1547-6286,1555-8584
Animal Models and Experimental Medicine,2096-5451,2576-2095
Breathe,1810-6838,2073-4735
JOURNAL OF HUMAN HYPERTENSION,0950-9240,1476-5527
Food & Nutrition Research,1654-6628,1654-661X
Expert Opinion on Drug Metabolism & Toxicology,1742-5255,1744-7607
PROTEIN ENGINEERING DESIGN & SELECTION,1741-0126,1741-0134
ARTHRITIS CARE & RESEARCH,2151-464X,2151-4658
AMERICAN JOURNAL OF PHYSIOLOGY-GASTROINTESTINAL AND LIVER PHYSIOLOGY,0193-1857,1522-1547
JOURNAL OF PSYCHIATRY & NEUROSCIENCE,1180-4882,1488-2434
Pain and Therapy,2193-8237,2193-651X
EUROPEAN JOURNAL OF SOIL BIOLOGY,1164-5563,1778-3615
ECOSYSTEMS,1432-9840,1435-0629
JOURNAL OF PSYCHOSOMATIC RESEARCH,0022-3999,1879-1360
PSYCHOPHARMACOLOGY,0033-3158,1432-2072
PHYSIOLOGICAL AND MOLECULAR PLANT PATHOLOGY,0885-5765,0885-5765
CLINICAL AND EXPERIMENTAL RHEUMATOLOGY,0392-856X,1593-098X
Current Fungal Infection Reports,1936-3761,1936-377X
Journal of Neurogastroenterology and Motility,2093-0879,2093-0887
PHYSIOLOGY AND MOLECULAR BIOLOGY OF PLANTS,0971-5894,0974-0430
Journal of Frailty & Aging,2260-1341,2273-4309
JAC-Antimicrobial Resistance,,2632-1823
NEUROTOXICITY RESEARCH,1029-8428,1476-3524
Journal of Plant Interactions,1742-9145,1742-9153
Clinical Proteomics,1542-6416,1559-0275
NFS Journal,2352-3646,2352-3646
AUTONOMIC NEUROSCIENCE-BASIC & CLINICAL,1566-0702,1872-7484
BASIC & CLINICAL PHARMACOLOGY & TOXICOLOGY,1742-7835,1742-7843
Clinical Lung Cancer,1525-7304,1938-0690
Journal of Clinical and Translational Endocrinology,2214-6237,2214-6237
CURRENT PROBLEMS IN CARDIOLOGY,0146-2806,1535-6280
Metabolomics,1573-3882,1573-3890
BMC Endocrine Disorders,,1472-6823
Cancer Research Communications,,2767-9764
CURRENT GENE THERAPY,1566-5232,1875-5631
JOURNAL OF TRACE ELEMENTS IN MEDICINE AND BIOLOGY,0946-672X,1878-3252
ENDOCRINOLOGY,0013-7227,1945-7170
CLINICAL TOXICOLOGY,1556-3650,1556-9519
Fermentation-Basel,,2311-5637
BIOCHIMICA ET BIOPHYSICA ACTA-MOLECULAR AND CELL BIOLOGY OF LIPIDS,1388-1981,1879-2618
APPLIED BIOCHEMISTRY AND BIOTECHNOLOGY,0273-2289,1559-0291
Arrhythmia & Electrophysiology Review,2050-3369,2050-3377
Pathogens,,2076-0817
VASCULAR MEDICINE,1358-863X,1477-0377
Frontiers in Oncology,2234-943X,2234-943X
Lung Cancer-Targets and Therapy,,1179-2728
EUROPEAN JOURNAL OF CLINICAL NUTRITION,0954-3007,1476-5640
Annals of Gastroenterological Surgery,2475-0328,2475-0328
Current Cardiology Reports,1523-3782,1534-3170
GLYCOBIOLOGY,0959-6658,1460-2423
INTERNATIONAL JOURNAL OF FOOD SCIENCES AND NUTRITION,0963-7486,1465-3478
Journal of Intensive Medicine,2097-0250,2667-100X
Chemical Biology & Drug Design,1747-0277,1747-0285
Clinical Medicine Insights-Cardiology,1179-5468,1179-5468
BMB Reports,1976-6696,1976-670X
Current Hematologic Malignancy Reports,1558-8211,1558-822X
ARCHIVES OF PATHOLOGY & LABORATORY MEDICINE,0003-9985,1543-2165
PATHOLOGY RESEARCH AND PRACTICE,0344-0338,1618-0631
JOURNAL OF TELEMEDICINE AND TELECARE,1357-633X,1758-1109
JOURNAL OF PSYCHIATRIC RESEARCH,0022-3956,1879-1379
Evolutionary Applications,1752-4571,1752-4571
Environmental Epigenetics,2058-5888,2058-5888
CANCER CYTOPATHOLOGY,1934-662X,1934-6638
Journal of Global Antimicrobial Resistance,2213-7165,2213-7173
JOURNAL OF THE PERIPHERAL NERVOUS SYSTEM,1085-9489,1529-8027
ENVIRONMENTAL TOXICOLOGY,1520-4081,1522-7278
JOURNAL OF INORGANIC BIOCHEMISTRY,0162-0134,1873-3344
ECOLOGICAL MODELLING,0304-3800,1872-7026
International Journal of Cardiology,0167-5273,1874-1754
ECOLOGY AND SOCIETY,1708-3087,
FEMS MICROBIOLOGY ECOLOGY,0168-6496,1574-6941
Frontiers in Psychiatry,1664-0640,1664-0640
Neurological Research and Practice,,2524-3489
CELL TRANSPLANTATION,0963-6897,1555-3892
Journal of Physiological Sciences,1880-6546,1880-6562
Journal of Bronchology & Interventional Pulmonology,1944-6586,1948-8270
CYTOTHERAPY,1465-3249,1477-2566
Neurology-Clinical Practice,2163-0402,2163-0933
Epigenetics,1559-2294,1559-2308
HUMAN MOLECULAR GENETICS,0964-6906,1460-2083
JOURNAL OF THE NEUROLOGICAL SCIENCES,0022-510X,1878-5883
Cardio-Oncology,,2057-3804
HUMAN & EXPERIMENTAL TOXICOLOGY,0960-3271,1477-0903
Frontiers in Neuroscience,,1662-453X
Degenerative Neurological and Neuromuscular Disease,,1179-9900
JOURNAL OF PHARMACY AND PHARMACOLOGY,0022-3573,2042-7158
Gut and Liver,1976-2283,2005-1212
Neurobiology of Pain,,2452-073X
Biomolecules & Therapeutics,1976-9148,2005-4483
CALCIFIED TISSUE INTERNATIONAL,0171-967X,1432-0827
MOLECULAR CARCINOGENESIS,0899-1987,1098-2744
BIODEGRADATION,0923-9820,1572-9729
HIV MEDICINE,,1468-1293
Journal of Cancer,1837-9664,1837-9664
International Journal of Clinical Pharmacy,2210-7703,2210-7711
NAR Cancer,2632-8674,2632-8674
World Journal of Traditional Chinese Medicine,2311-8571,2589-2894
CLINICAL & EXPERIMENTAL METASTASIS,0262-0898,1573-7276
Environmental Pollutants and Bioavailability,2639-5932,2639-5940
Clinical Colorectal Cancer,1533-0028,1938-0674
International Journal of Microbiology,1687-918X,1687-9198
PHARMACOLOGY,0031-7012,1423-0313
JOURNAL OF APPLIED MICROBIOLOGY,1364-5072,1365-2672
PHOTOCHEMICAL & PHOTOBIOLOGICAL SCIENCES,1474-905X,1474-9092
Arctic Science,,2368-7460
INTERNATIONAL IMMUNOLOGY,0953-8178,1460-2377
Journal of Clinical and Experimental Hepatology,0973-6883,2213-3453
JOURNAL OF MICROENCAPSULATION,0265-2048,1464-5246
BIOPOLYMERS,0006-3525,1097-0282
Annals of Geriatric Medicine and Research,2508-4909,2508-4909
NITRIC OXIDE-BIOLOGY AND CHEMISTRY,1089-8603,1089-8611
Nutrition & Dietetics,1446-6368,1747-0080
PROSTAGLANDINS LEUKOTRIENES AND ESSENTIAL FATTY ACIDS,0952-3278,1532-2823
IUBMB LIFE,1521-6543,1521-6551
Oncology and Therapy,2366-1070,2366-1089
Journal of Immunotherapy and Precision Oncology,2666-2345,2590-017X
JOURNAL OF INDUSTRIAL MICROBIOLOGY & BIOTECHNOLOGY,1367-5435,1476-5535
Channels,1933-6950,1933-6969
Current Developments in Nutrition,2475-2991,2475-2991
World Journal of Clinical Oncology,2218-4333,2218-4333
MYCOSES,0933-7407,1439-0507
EXPERIMENTAL DERMATOLOGY,0906-6705,1600-0625
AMERICAN JOURNAL OF PHYSIOLOGY-ENDOCRINOLOGY AND METABOLISM,0193-1849,1522-1555
Mobile DNA,1759-8753,1759-8753
VIRCHOWS ARCHIV,0945-6317,1432-2307
FUNCTIONAL & INTEGRATIVE GENOMICS,1438-793X,1438-7948
Network Neuroscience,2472-1751,2472-1751
3D Printing in Medicine,,2365-6271
mSphere,,2379-5042
Annals of General Psychiatry,,1744-859X
Korean Journal of Pain,2005-9159,2093-0569
RESPIRATORY MEDICINE,0954-6111,1532-3064
BIOPHYSICAL JOURNAL,0006-3495,1542-0086
Botanical Studies,,1999-3110
PHYTOPATHOLOGY,0031-949X,1943-7684
Journal of Pharmaceutical and Biomedical Analysis,0731-7085,1873-264X
JOURNAL OF ALZHEIMERS DISEASE,1387-2877,1875-8908
Mycotoxin Research,0178-7888,1867-1632
Adipocyte,2162-3945,2162-397X
AIDS,0269-9370,1473-5571
JOURNAL OF NEURO-ONCOLOGY,0167-594X,1573-7373
MUSCLE & NERVE,0148-639X,1097-4598
NEUROLOGIA,0213-4853,1578-1968
Korean Circulation Journal,1738-5520,1738-5555
CARDIOVASCULAR DRUGS AND THERAPY,0920-3206,1573-7241
Metabarcoding and Metagenomics,,2534-9708
NAUNYN-SCHMIEDEBERGS ARCHIVES OF PHARMACOLOGY,0028-1298,1432-1912
CytoJournal,0974-5963,1742-6413
Journal of Cardiopulmonary Rehabilitation and Prevention,1932-7501,1932-751X
Journal of Clinical Neurology,1738-6586,2005-5013
JOURNAL OF DIABETES AND ITS COMPLICATIONS,1056-8727,1873-460X
Pain Reports,,2471-2531
AMERICAN JOURNAL OF HYPERTENSION,0895-7061,1941-7225
Global Heart,2211-8160,2211-8179
Journal of Soil Science and Plant Nutrition,0718-9508,0718-9516
Biotechnology Journal,1860-6768,1860-7314
International Journal of Chronic Obstructive Pulmonary Disease,1178-2005,1178-2005
INTERNATIONAL JOURNAL OF TUBERCULOSIS AND LUNG DISEASE,1027-3719,1815-7920
KAOHSIUNG JOURNAL OF MEDICAL SCIENCES,1607-551X,2410-8650
PPAR Research,1687-4757,1687-4765
JOURNAL OF COMPUTER-AIDED MOLECULAR DESIGN,0920-654X,1573-4951
AUTOIMMUNITY,0891-6934,1607-842X
Biochimica et Biophysica Acta-Gene Regulatory Mechanisms,1874-9399,1876-4320
Cancer Medicine,2045-7634,2045-7634
NEUROINFORMATICS,1539-2791,1559-0089
Beneficial Microbes,1876-2883,1876-2891
Journal of the Endocrine Society,,2472-1972
Intensive Care Medicine Experimental,2197-425X,2197-425X
Journal of Immunotoxicology,1547-691X,1547-6901
JOURNAL OF LEUKOCYTE BIOLOGY,0741-5400,1938-3673
NUTRITION RESEARCH,0271-5317,1879-0739
Journal of Huntingtons Disease,1879-6397,1879-6400
BioTech,,2673-6284
JOURNAL OF FLUORESCENCE,1053-0509,1573-4994
JOURNAL OF MICROBIOLOGY AND BIOTECHNOLOGY,1017-7825,1738-8872
Expert Opinion On Drug Safety,1474-0338,1744-764X
Frontiers in Allergy,,2673-6101
International Journal of Womens Dermatology,2352-6475,2352-6475
Journal of Applied Biomaterials & Functional Materials,,2280-8000
Therapeutic Advances in Hematology,2040-6207,2040-6215
IMMUNOLOGIC RESEARCH,0257-277X,1559-0755
International Journal of Food Science,2356-7015,2314-5765
RSC Chemical Biology,2633-0679,2633-0679
FOLIA MICROBIOLOGICA,0015-5632,1874-9356
Frontline Gastroenterology,2041-4137,2041-4145
Medicina Intensiva,0210-5691,1578-6749
Tumori Journal,0300-8916,2038-2529
JOURNAL OF EPIDEMIOLOGY,0917-5040,0917-5040
Journal of Traditional and Complementary Medicine,2225-4110,2225-4110
PATHOLOGY,0031-3025,1465-3931
Biosafety and Health,2096-6962,2590-0536
NICOTINE & TOBACCO RESEARCH,1462-2203,1469-994X
BIOLOGY OF REPRODUCTION,0006-3363,1529-7268
NUCLEAR MEDICINE AND BIOLOGY,0969-8051,1872-9614
BMC HEALTH SERVICES RESEARCH,,1472-6963
EJNMMI Research,2191-219X,2191-219X
JOURNAL OF NEUROPATHOLOGY AND EXPERIMENTAL NEUROLOGY,0022-3069,1554-6578
MAGNETIC RESONANCE IN MEDICINE,0740-3194,1522-2594
CPT-Pharmacometrics & Systems Pharmacology,2163-8306,2163-8306
Fungal Biology,1878-6146,1878-6162
Neurology International,2035-8377,2035-8377
Current Research in Toxicology,2666-027X,2666-027X
GENOMICS,0888-7543,1089-8646
JMIR Human Factors,2292-9495,2292-9495
ANNALS OF EPIDEMIOLOGY,1047-2797,1873-2585
Frontiers in Network Physiology,,2674-0109
BMC INFECTIOUS DISEASES,,1471-2334
OIKOS,0030-1299,1600-0706
ARCHIVES OF BIOCHEMISTRY AND BIOPHYSICS,0003-9861,1096-0384
Biology Letters,1744-9561,1744-957X
EUROPEAN JOURNAL OF CLINICAL MICROBIOLOGY & INFECTIOUS DISEASES,0934-9723,1435-4373
IMMUNOPHARMACOLOGY AND IMMUNOTOXICOLOGY,0892-3973,1532-2513
INTERNATIONAL JOURNAL OF HYPERTHERMIA,0265-6736,1464-5157
Translational Behavioral Medicine,1869-6716,1613-9860
MYCOLOGICAL PROGRESS,1617-416X,1861-8952
Trends in Neuroscience and Education,2452-0837,2211-9493
BRITISH JOURNAL OF CLINICAL PHARMACOLOGY,0306-5251,1365-2125
Therapeutic Advances in Respiratory Disease,1753-4658,1753-4666
PUBLIC HEALTH NUTRITION,1368-9800,1475-2727
Complementary Therapies in Clinical Practice,1744-3881,1873-6947
MOLECULAR PHARMACOLOGY,0026-895X,1521-0111
Clinical and Translational Gastroenterology,,2155-384X
Journal of Asthma and Allergy,1178-6965,1178-6965
ATLA-ALTERNATIVES TO LABORATORY ANIMALS,0261-1929,2632-3559
Current Drug Delivery,1567-2018,1875-5704
Pain Research & Management,1203-6765,1918-1523
Journal of Diabetes Investigation,2040-1116,2040-1124
Current Research in Translational Medicine,2452-3186,2452-3186
Future Journal of Pharmaceutical Sciences,2314-7245,2314-7253
JOURNAL OF MOLECULAR RECOGNITION,0952-3499,1099-1352
Vegetation Classification and Survey,2683-0671,2683-0671
BBA Advances,,2667-1603
NUTRITION,0899-9007,1873-1244
American Journal of Cardiovascular Drugs,1175-3277,1179-187X
BRITISH JOURNAL OF NUTRITION,0007-1145,1475-2662
Diabetes & Vascular Disease Research,1479-1641,1752-8984
Diabetes Metabolic Syndrome and Obesity,1178-7007,1178-7007
ENGINEERING IN LIFE SCIENCES,1618-0240,1618-2863
CLINICAL ONCOLOGY,0936-6555,1433-2981
Expert Review of Clinical Pharmacology,1751-2433,1751-2441
Hellenic Journal of Cardiology,1109-9666,2241-5955
Journal of Pathology and Translational Medicine,2383-7837,2383-7845
Journal of Rheumatic Diseases,2093-940X,2233-4718
BREAST CANCER RESEARCH AND TREATMENT,0167-6806,1573-7217
Frontiers in Neural Circuits,,1662-5110
JOURNAL OF FOOD AND DRUG ANALYSIS,1021-9498,1021-9498
Advances in Pharmacological and Pharmaceutical Sciences,2633-4682,2633-4690
Brain Tumor Pathology,1433-7398,1861-387X
Journal of Toxicology,1687-8191,1687-8205
Non-Coding RNA,,2311-553X
Pulmonary Therapy,2364-1754,2364-1746
Diseases,,2079-9721
JCO Global Oncology,,2687-8941
JOURNAL OF BIOENERGETICS AND BIOMEMBRANES,0145-479X,1573-6881
CNS & Neurological Disorders-Drug Targets,1871-5273,1996-3181
Integrative Medicine Research,2213-4220,2213-4239
Journal of Cardiovascular Aging,,2768-5993
Tuberculosis and Respiratory Diseases,1738-3536,2005-6184
Forensic Toxicology,1860-8965,1860-8973
MOLECULAR AND CELLULAR PROBES,0890-8508,1096-1194
HAEMOPHILIA,1351-8216,1365-2516
Therapeutic Advances in Pulmonary and Critical Care Medicine,,2976-8675
BIOTECHNOLOGY AND BIOPROCESS ENGINEERING,1226-8372,1976-3816
Anti-Cancer Agents in Medicinal Chemistry,1871-5206,1875-5992
Journal of Multimorbidity and Comorbidity,,2633-5565
Advances in Cancer Biology-Metastasis,,2667-3940
FEBS LETTERS,0014-5793,1873-3468
Jornal Brasileiro de Pneumologia,1806-3713,1806-3756
MOLECULAR REPRODUCTION AND DEVELOPMENT,1040-452X,1098-2795
Clinical Medicine Insights-Endocrinology and Diabetes,1179-5514,1179-5514
BOTANICAL REVIEW,0006-8101,1874-9372
International Journal of Breast Cancer,2090-3170,2090-3189
CLINICA CHIMICA ACTA,0009-8981,1873-3492
JOURNAL OF GENERAL PHYSIOLOGY,0022-1295,1540-7748
JOURNAL OF CLINICAL LABORATORY ANALYSIS,0887-8013,1098-2825
WORLD JOURNAL OF UROLOGY,0724-4983,1433-8726
Journal of Clinical Sleep Medicine,1550-9389,1550-9397
DNA RESEARCH,1340-2838,1756-1663
UROLOGIC CLINICS OF NORTH AMERICA,0094-0143,1558-318X
Journal of Migration and Health,2666-6235,2666-6235
PRESLIA,0032-7786,2570-950X
Ultrasound Journal,,2524-8987
Life Science Alliance,,2575-1077
PATHOLOGICA,0031-2983,1591-951X
Journal of Systematics and Evolution,1674-4918,1759-6831
PERSPECTIVES IN PLANT ECOLOGY EVOLUTION AND SYSTEMATICS,1433-8319,1433-8319
JOURNAL OF BIOMEDICAL OPTICS,1083-3668,1560-2281
Multiple Sclerosis and Related Disorders,2211-0348,2211-0356
Current Urology Reports,1527-2737,1534-6285
ALCOHOL,0741-8329,1873-6823
Infection Control & Hospital Epidemiology,0899-823X,1559-6834
RHEUMATOLOGY INTERNATIONAL,0172-8172,1437-160X
Safety and Health at Work,2093-7911,2093-7997
CEREBRAL CORTEX,1047-3211,1460-2199
Molecular Brain,,1756-6606
MYCOPATHOLOGIA,0301-486X,1573-0832
NEUROGASTROENTEROLOGY AND MOTILITY,1350-1925,1365-2982
TOXICOLOGY LETTERS,0378-4274,1879-3169
BRAIN TOPOGRAPHY,0896-0267,1573-6792
Drug and Alcohol Dependence Reports,2772-7246,2772-7246
Ecosphere,2150-8925,2150-8925
Journal of Pharmacological Sciences,1347-8613,1347-8648
JOURNAL OF REPRODUCTIVE IMMUNOLOGY,0165-0378,1872-7603
Rheumatology and Therapy,2198-6576,2198-6584
Computational Toxicology,2468-1113,2468-1113
Environmental Health Insights,1178-6302,1178-6302
Epilepsia Open,,2470-9239
NEUROLOGIC CLINICS,0733-8619,1557-9875
PFLUGERS ARCHIV-EUROPEAN JOURNAL OF PHYSIOLOGY,0031-6768,1432-2013
CARCINOGENESIS,0143-3334,1460-2180
JOURNAL OF ENVIRONMENTAL PATHOLOGY TOXICOLOGY AND ONCOLOGY,0731-8898,2162-6537
Journal of Managed Care & Specialty Pharmacy,2376-0540,2376-1032
Infection and Drug Resistance,1178-6973,1178-6973
CARDIOVASCULAR AND INTERVENTIONAL RADIOLOGY,0174-1551,1432-086X
China CDC Weekly,2096-7071,2097-3101
PEPTIDES,0196-9781,1873-5169
Neuropsychiatric Disease and Treatment,,1178-2021
RHEUMATIC DISEASE CLINICS OF NORTH AMERICA,0889-857X,1558-3163
JOURNAL OF NEUROPSYCHIATRY AND CLINICAL NEUROSCIENCES,0895-0172,1545-7222
CardioRenal Medicine,1664-3828,1664-5502
Current Bioinformatics,1574-8936,2212-392X
PHARMACOGENOMICS JOURNAL,1470-269X,1473-1150
Frontiers in Cardiovascular Medicine,2297-055X,2297-055X
Heart Rhythm O2,2666-5018,2666-5018
European Journal of Radiology Open,,2352-0477
JOURNAL OF IMMUNOTHERAPY,1524-9557,1537-4513
BMJ Open Gastroenterology,2054-4774,2054-4774
Medical Gas Research,2045-9912,2045-9912
SEXUALLY TRANSMITTED INFECTIONS,1368-4973,1472-3263
American Journal of Cancer Research,2156-6976,2156-6976
JOURNAL OF CRITICAL CARE,0883-9441,1557-8615
High Blood Pressure & Cardiovascular Prevention,1120-9879,1179-1985
Frontiers in Reproductive Health,,2673-3153
Discover Oncology,,2730-6011
PSYCHIATRIC QUARTERLY,0033-2720,1573-6709
Infection and Chemotherapy,2093-2340,2092-6448
Psychoradiology,,2634-4416
IMMUNOGENETICS,0093-7711,1432-1211
IBRO Neuroscience Reports,2667-2421,2667-2421
JOURNAL OF BIOSCIENCE AND BIOENGINEERING,1389-1723,1347-4421
3 Biotech,2190-572X,2190-5738
JOURNAL OF MEMBRANE BIOLOGY,0022-2631,1432-1424
Immunological Medicine,,2578-5826
Current Molecular Pharmacology,1874-4672,1874-4702
INDOOR AND BUILT ENVIRONMENT,1420-326X,1423-0070
Systems Microbiology and Biomanufacturing,2662-7655,2662-7663
Tuberculosis,1472-9792,1873-281X
Biofuels Bioproducts & Biorefining-Biofpr,1932-104X,1932-1031
CURRENT OPINION IN HEMATOLOGY,1065-6251,1531-7048
Current Infectious Disease Reports,1523-3847,1534-3146
Spanish Journal of Psychiatry and Mental Health,2950-2861,2950-2853
Research in Social & Administrative Pharmacy,1551-7411,1934-8150
HEALTH CARE MANAGEMENT REVIEW,0361-6274,1550-5030
NAR Genomics and Bioinformatics,,2631-9268
JOURNAL OF ENDOUROLOGY,0892-7790,1557-900X
MEDICAL CARE,0025-7079,1537-1948
REPRODUCTIVE TOXICOLOGY,0890-6238,1873-1708
Addictive Behaviors Reports,,2352-8532
Genome Biology and Evolution,1759-6653,1759-6653
EXPERIMENTAL PHYSIOLOGY,0958-0670,1469-445X
Radiography,1078-8174,1532-2831
PULMONARY PHARMACOLOGY & THERAPEUTICS,1094-5539,
Journal of Atherosclerosis and Thrombosis,1340-3478,1880-3873
CLINICAL AND EXPERIMENTAL DERMATOLOGY,0307-6938,1365-2230
Journal of Proteomics,1874-3919,1876-7737
CHEMISTRY AND PHYSICS OF LIPIDS,0009-3084,1873-2941
ACR Open Rheumatology,,2578-5745
CLINICAL RHEUMATOLOGY,0770-3198,1434-9949
Eating and Weight Disorders-Studies on Anorexia Bulimia and Obesity,1124-4909,1590-1262
Toxicon-X,2590-1710,2590-1710
BMC Pulmonary Medicine,1471-2466,1471-2466
PROTEINS-STRUCTURE FUNCTION AND BIOINFORMATICS,0887-3585,1097-0134
Conservation Science and Practice,,2578-4854
Frontiers in Genetics,,1664-8021
Genes,,2073-4425
NEUROTOXICOLOGY AND TERATOLOGY,0892-0362,1872-9738
CTS-Clinical and Translational Science,1752-8054,1752-8062
Health Promotion Perspectives,2228-6497,2228-6497
SEIZURE-EUROPEAN JOURNAL OF EPILEPSY,1059-1311,1532-2688
Amyotrophic Lateral Sclerosis and Frontotemporal Degeneration,2167-8421,2167-9223
GENES CHROMOSOMES & CANCER,1045-2257,1098-2264
ENVIRONMENTAL TOXICOLOGY AND CHEMISTRY,0730-7268,1552-8618
Frontiers in Neurology,1664-2295,1664-2295
JOURNAL OF BIOCHEMICAL AND MOLECULAR TOXICOLOGY,1095-6670,1099-0461
Therapeutic Advances in Chronic Disease,2040-6223,2040-6231
ANNALES DE DERMATOLOGIE ET DE VENEREOLOGIE,0151-9638,2214-5451
JOURNAL OF CHROMATOGRAPHY B-ANALYTICAL TECHNOLOGIES IN THE BIOMEDICAL AND LIFE SCIENCES,1570-0232,1873-376X
JOURNAL OF CLINICAL PSYCHOPHARMACOLOGY,0271-0749,1533-712X
Stroke-Vascular and Interventional Neurology,2694-5746,2694-5746
JOURNAL OF PHARMACOKINETICS AND PHARMACODYNAMICS,1567-567X,1573-8744
Open Heart,2053-3624,2053-3624
Bioinformatics Advances,,2635-0041
JOURNAL OF APPLIED TOXICOLOGY,0260-437X,1099-1263
Technical Innovations & Patient Support in Radiation Oncology,,2405-6324
INFECTION AND IMMUNITY,0019-9567,1098-5522
Journal of Central Nervous System Disease,1179-5735,1179-5735
Life Sciences in Space Research,2214-5524,2214-5532
NEUROMUSCULAR DISORDERS,0960-8966,1873-2364
Cambridge Prisms-Global Mental Health,2054-4251,2054-4251
JOURNAL OF HEALTH POPULATION AND NUTRITION,1606-0997,2072-1315
Cerebral Circulation-Cognition and Behavior,2666-2450,2666-2450
CURRENT OPINION IN PULMONARY MEDICINE,1070-5287,1531-6971
INTEGRATIVE CANCER THERAPIES,1534-7354,1552-695X
JCO Clinical Cancer Informatics,2473-4276,2473-4276
JOURNAL OF CARDIOVASCULAR PHARMACOLOGY AND THERAPEUTICS,1074-2484,1940-4034
Journal of Movement Disorders,2005-940X,2093-4939
Vascular Health and Risk Management,1176-6344,1178-2048
Infectious Agents and Cancer,1750-9378,1750-9378
JOURNAL OF CANCER RESEARCH AND CLINICAL ONCOLOGY,0171-5216,1432-1335
Brazilian Journal of Infectious Diseases,1413-8670,1678-4391
Innate Immunity,1753-4259,1753-4267
International Journal of Clinical Oncology,1341-9625,1437-7772
Interventional Cardiology-Reviews Research Resources,1756-1477,1756-1485
Application of Clinical Genetics,,1178-704X
CHROMOSOME RESEARCH,0967-3849,1573-6849
OncoTargets and Therapy,1178-6930,1178-6930
Actas Dermo-Sifiliograficas,0001-7310,1578-2190
TECHNOLOGY IN CANCER RESEARCH & TREATMENT,1533-0346,1533-0338
Structural Heart-The Journal of the Heart Team,2474-8706,2474-8714
Cancer Pathogenesis and Therapy,2097-2563,2949-7132
Infectious Medicine,2097-0684,2772-431X
World Journal of Cardiology,1949-8462,1949-8462
Expert Review of Anticancer Therapy,1473-7140,1744-8328
CURRENT PHARMACEUTICAL DESIGN,1381-6128,1873-4286
Blood Research,2287-979X,2288-0011
Drugs in Context,,1740-4398
Expert Review of Proteomics,1478-9450,1744-8387
Organogenesis,1547-6278,1555-8592
EXPERIMENTAL EYE RESEARCH,0014-4835,1096-0007
ASIAN JOURNAL OF ANDROLOGY,1008-682X,1745-7262
Cartilage,1947-6035,1947-6043
CONTEMPORARY DRUG PROBLEMS,0091-4509,2163-1808
CYTOMETRY PART B-CLINICAL CYTOMETRY,1552-4949,1552-4957
Asian Spine Journal,1976-1902,1976-7846
JOURNAL OF RURAL HEALTH,0890-765X,1748-0361
DERMATOLOGY,1018-8665,1421-9832
QUALITY OF LIFE RESEARCH,0962-9343,1573-2649
Journal of Anesthesia,0913-8668,1438-8359
CLINICAL NEUROPSYCHOLOGIST,1385-4046,1744-4144
AIMS Public Health,2327-8994,2327-8994
EUROPEAN SPINE JOURNAL,0940-6719,1432-0932
ALCOHOL-CLINICAL AND EXPERIMENTAL RESEARCH,,2993-7175
EUROPEAN JOURNAL OF APPLIED PHYSIOLOGY,1439-6319,1439-6327
Healthcare,,2227-9032
JOURNAL OF DERMATOLOGY,0385-2407,1346-8138
Physica Medica-European Journal of Medical Physics,1120-1797,1724-191X
PREVENTION SCIENCE,1389-4986,1573-6695
STRESS AND HEALTH,1532-3005,1532-2998
PSYCHOLOGY AND PSYCHOTHERAPY-THEORY RESEARCH AND PRACTICE,1476-0835,2044-8341
Borderline Personality Disorder and Emotion Dysregulation,2051-6673,2051-6673
Clinical Genitourinary Cancer,1558-7673,1938-0682
AMERICAN NATURALIST,0003-0147,1537-5323
DNA REPAIR,1568-7864,1568-7856
Journal of Occupational Medicine and Toxicology,1745-6673,1745-6673
Journal of Health Services Research & Policy,1355-8196,1758-1060
Personality and Mental Health,1932-8621,1932-863X
BMC Pharmacology & Toxicology,,2050-6511
COGNITIVE AFFECTIVE & BEHAVIORAL NEUROSCIENCE,1530-7026,1531-135X
Cannabis and Cannabinoid Research,2578-5125,2378-8763
FUNCTIONAL PLANT BIOLOGY,1445-4408,1445-4416
Pain Practice,1530-7085,1533-2500
SOUTH AFRICAN JOURNAL OF BOTANY,0254-6299,1727-9321
Brain and Behavior,2162-3279,2162-3279
Administration and Policy in Mental Health and Mental Health Services Research,0894-587X,1573-3289
Archives of Womens Mental Health,1434-1816,1435-1102
Frontiers in Health Services,,2813-0146
Hygiene and Environmental Health Advances,,2773-0492
AMERICAN JOURNAL OF BOTANY,0002-9122,1537-2197
BIOCHIMICA ET BIOPHYSICA ACTA-BIOENERGETICS,0005-2728,1879-2650
Drug Testing and Analysis,1942-7603,1942-7611
INVESTIGATIONAL NEW DRUGS,0167-6997,1573-0646
MICROVASCULAR RESEARCH,0026-2862,1095-9319
RADIATION RESEARCH,0033-7587,1938-5404
CLINICAL DRUG INVESTIGATION,1173-2563,1179-1918
PHYSIOLOGICAL MEASUREMENT,0967-3334,1361-6579
ARCHIVES OF PHYSIOLOGY AND BIOCHEMISTRY,1381-3455,1744-4160
RESTORATION ECOLOGY,1061-2971,1526-100X
American Journal of Alzheimers Disease and Other Dementias,1533-3175,1938-2731
INTERNATIONAL JOURNAL OF SOCIAL PSYCHIATRY,0020-7640,1741-2854
Biomechanics and Modeling in Mechanobiology,1617-7959,1617-7940
Clinical and Translational Radiation Oncology,,2405-6308
Food and Environmental Virology,1867-0334,1867-0342
Frontiers in Human Neuroscience,1662-5161,1662-5161
Health Affairs Scholar,,2976-5390
JOURNAL OF CLINICAL GASTROENTEROLOGY,0192-0790,1539-2031
JOURNAL OF NUCLEAR CARDIOLOGY,1071-3581,1532-6551
JOURNAL OF PERSONALITY DISORDERS,0885-579X,1943-2763
Cardiovascular Digital Health Journal,2666-6936,2666-6936
SLAS Discovery,2472-5552,2472-5560
Analytical Cellular Pathology,2210-7177,2210-7185
MICROBES AND INFECTION,1286-4579,1769-714X
VIRUS RESEARCH,0168-1702,1872-7492
ACTA NEUROLOGICA SCANDINAVICA,0001-6314,1600-0404
JOURNAL OF BIOLOGICAL INORGANIC CHEMISTRY,0949-8257,1432-1327
Movement Disorders Clinical Practice,2330-1619,2330-1619
Pancreatology,1424-3903,1424-3911
JOURNAL OF STRUCTURAL BIOLOGY,1047-8477,1095-8657
MAMMALIAN GENOME,0938-8990,1432-1777
EPILEPTIC DISORDERS,1294-9361,1950-6945
HEMATOLOGY-ONCOLOGY CLINICS OF NORTH AMERICA,0889-8588,1558-1977
Advances in Radiation Oncology,,2452-1094
Aging Brain,,2589-9589
Clinical Psychopharmacology and Neuroscience,1738-1088,2093-4327
Iranian Journal of Basic Medical Sciences,2008-3866,2008-3874
Biophysical Reports,2667-0747,2667-0747
Expert Review of Respiratory Medicine,1747-6348,1747-6356
Critical Care Explorations,,2639-8028
INTERNATIONAL JOURNAL OF PSYCHIATRY IN CLINICAL PRACTICE,1365-1501,1471-1788
BIOESSAYS,0265-9247,1521-1878
ECOTOXICOLOGY,0963-9292,1573-3017
Frontiers in Pain Research,,2673-561X
JOURNAL OF ANTIBIOTICS,0021-8820,1881-1469
Journal of Pharmaceutical Innovation,1872-5120,1939-8042
Cardiology and Therapy,2193-8261,2193-6544
Discover Mental Health,,2731-4383
EUROPEAN JOURNAL OF CLINICAL PHARMACOLOGY,0031-6970,1432-1041
Research and Reports in Urology,2253-2447,2253-2447
JOURNAL OF CLINICAL APHERESIS,0733-2459,1098-1101
Integrated Blood Pressure Control,1178-7104,1178-7104
SEMINARS IN RESPIRATORY AND CRITICAL CARE MEDICINE,1069-3424,1098-9048
Journal of the Canadian Association of Gastroenterology,2515-2084,2515-2092
Pathogens and Disease,2049-632X,2049-632X
Clinical Lymphoma Myeloma & Leukemia,2152-2650,2152-2669
EXPERT OPINION ON PHARMACOTHERAPY,1465-6566,1744-7666
Journal of Blood Medicine,1179-2736,1179-2736
Future Pharmacology,,2673-9879
Blood Science,2543-6368,2543-6368
Nuclear Medicine and Molecular Imaging,1869-3474,1869-3482
EXPERT OPINION ON EMERGING DRUGS,1472-8214,1744-7623
CUTIS,0011-4162,2326-6929
Activities Adaptation & Aging,0192-4788,1544-4368
Translational Vision Science & Technology,2164-2591,2164-2591
HUMAN PATHOLOGY,0046-8177,1532-8392
Advances in Kidney Disease and Health,2949-8147,2949-8139
BMC Anesthesiology,1471-2253,1471-2253
Head & Face Medicine,,1746-160X
CARIES RESEARCH,0008-6568,1421-976X
INTERNATIONAL ORTHOPAEDICS,0341-2695,1432-5195
Journal of Applied Oral Science,1678-7757,1678-7765
JOURNAL OF ORAL AND MAXILLOFACIAL SURGERY,0278-2391,1531-5053
Prostate International,2287-8882,2287-903X
Sports Health-A Multidisciplinary Approach,1941-7381,1941-0921
AMERICAN JOURNAL OF DRUG AND ALCOHOL ABUSE,0095-2990,1097-9891
Eating Behaviors,1471-0153,1873-7358
Frontiers in Sports and Active Living,,2624-9367
BJA Education,2058-5349,2058-5357
INTERNATIONAL JOURNAL OF SPORT NUTRITION AND EXERCISE METABOLISM,1526-484X,1543-2742
ADVANCES IN ANATOMIC PATHOLOGY,1072-4109,1533-4031
EVOLUTION,0014-3820,1558-5646
Implementation Research and Practice,2633-4895,2633-4895
Phytobiomes Journal,,2471-2906
DRUG AND ALCOHOL REVIEW,0959-5236,1465-3362
PATHOPHYSIOLOGY,0928-4680,1873-149X
CANADIAN JOURNAL OF PUBLIC HEALTH-REVUE CANADIENNE DE SANTE PUBLIQUE,0008-4263,1920-7476
INTERNATIONAL JOURNAL OF PSYCHOPHYSIOLOGY,0167-8760,1872-7697
Aging Male,1368-5538,1473-0790
INTERNATIONAL JOURNAL OF IMMUNOPATHOLOGY AND PHARMACOLOGY,0394-6320,2058-7384
JOURNAL OF SPORT & EXERCISE PSYCHOLOGY,0895-2779,1543-2904
ADDICTION BIOLOGY,1355-6215,1369-1600
Mental Health and Physical Activity,1755-2966,1878-0199
Brazilian Journal of Psychiatry,1516-4446,1809-452X
International Journal of Social Determinants of Health and Health Services,2755-1938,2755-1946
JOURNAL OF NEPHROLOGY,1121-8428,1724-6059
JOURNAL OF THE INTERNATIONAL NEUROPSYCHOLOGICAL SOCIETY,1355-6177,1469-7661
Clinical Neuroradiology,1869-1439,1869-1447
Neurologia i Neurochirurgia Polska,0028-3843,1897-4260
International Journal of Integrated Care,1568-4156,1568-4156
Journal of Physical Activity & Health,1543-3080,1543-5474
Learning Health Systems,2379-6146,2379-6146
SSM-Mental Health,2666-5603,2666-5603
APPLIED VEGETATION SCIENCE,1402-2001,1654-109X
ASTROBIOLOGY,1531-1074,1557-8070
BIOLOGICAL INVASIONS,1387-3547,1573-1464
ULTRASOUND IN MEDICINE AND BIOLOGY,0301-5629,1879-291X
ANIMAL CONSERVATION,1367-9430,1469-1795
CURRENT OPINION IN OPHTHALMOLOGY,1040-8738,1531-7021
Ecological Solutions and Evidence,,2688-8319
Global Health Action,,1654-9880
JMIR Diabetes,2371-4379,2371-4379
Journal of Dual Diagnosis,1550-4263,1550-4271
NEURORADIOLOGY,0028-3940,1432-1920
PHYTOCHEMICAL ANALYSIS,0958-0344,1099-1565
BMC Ecology and Evolution,,2730-7182
INTERNATIONAL JOURNAL OF BIOMETEOROLOGY,0020-7128,1432-1254
Journal of Cardiology,0914-5087,1876-4738
JOURNAL OF CARDIOVASCULAR ELECTROPHYSIOLOGY,1045-3873,1540-8167
Perspectives in Public Health,1757-9139,1757-9147
Pigment Cell & Melanoma Research,1755-1471,1755-148X
Frontiers in Ecology and Evolution,2296-701X,2296-701X
INFECTION GENETICS AND EVOLUTION,1567-1348,1567-7257
Cancer Genomics & Proteomics,1109-6535,1790-6245
Transplant Infectious Disease,1398-2273,1399-3062
Sexual and Reproductive Health Matters,,2641-0397
NEJM Catalyst Innovations in Care Delivery,,2642-0007
Italian Journal of Dermatology and Venereology,2784-8671,2784-8450
Journal of Interprofessional Care,1356-1820,1469-9567
JOURNAL OF VASCULAR AND INTERVENTIONAL RADIOLOGY,1051-0443,1535-7732
BMC GASTROENTEROLOGY,,1471-230X
MEDICAL & BIOLOGICAL ENGINEERING & COMPUTING,0140-0118,1741-0444
APMIS,0903-4641,1600-0463
Epigenomics,1750-1911,1750-192X
Neurodegenerative Diseases,1660-2854,1660-2862
Acupuncture in Medicine,0964-5284,1759-9873
JOURNAL OF INTERVENTIONAL CARDIAC ELECTROPHYSIOLOGY,1383-875X,1572-8595
NEFROLOGIA,0211-6995,1989-2284
DIFFERENTIATION,0301-4681,1432-0436
Journal of Geriatric Cardiology,1671-5411,1671-5411
Canadian Journal of Infectious Diseases & Medical Microbiology,1712-9532,1918-1493
PLATELETS,0953-7104,1369-1635
DNA AND CELL BIOLOGY,1044-5498,1557-7430
Anemia,2090-1267,2090-1275
Crohns & Colitis 360,,2631-827X
JOURNAL OF SOIL AND WATER CONSERVATION,0022-4561,1941-3300
ENVIRONMENTAL CONSERVATION,0376-8929,1469-4387
Current Opinion in Allergy and Clinical Immunology,1528-4050,1473-6322
Journal of Primary Care and Community Health,2150-1319,2150-1327
Journal of Advanced Prosthodontics,2005-7806,2005-7814
OBSTETRICS AND GYNECOLOGY CLINICS OF NORTH AMERICA,0889-8545,1558-0474
PLACENTA,0143-4004,1532-3102
Environmental Health and Preventive Medicine,1342-078X,1347-4715
International Journal of Mental Health and Addiction,1557-1874,1557-1882
DERMATOLOGIC CLINICS,0733-8635,1558-0520
JOURNAL OF SPORTS SCIENCES,0264-0414,1466-447X
Population Health Metrics,1478-7954,1478-7954
Infectious Disease Modelling,,2468-0427
International Journal of Oral Implantology,2631-6420,2631-6439
Journal of Functional Morphology and Kinesiology,,2411-5142
Orthopaedic Journal of Sports Medicine,,2325-9671
Pain Physician,1533-3159,
INTERNATIONAL JOURNAL OF METHODS IN PSYCHIATRIC RESEARCH,1049-8931,1557-0657
Journal of Pharmaceutical Policy and Practice,,2052-3211
SSM-Qualitative Research in Health,2667-3215,2667-3215
ARCHIVES OF GYNECOLOGY AND OBSTETRICS,0932-0067,1432-0711
Neural Development,,1749-8104
PUBLIC HEALTH REPORTS,0033-3549,1468-2877
FISH PHYSIOLOGY AND BIOCHEMISTRY,0920-1742,1573-5168
PHARMACOLOGY BIOCHEMISTRY AND BEHAVIOR,0091-3057,1873-5177
Reproductive Sciences,1933-7191,1933-7205
Journal of Cosmetic Dermatology,1473-2130,1473-2165
JOURNAL OF HEREDITY,0022-1503,1465-7333
PROSTATE,0270-4137,1097-0045
Seminars in Thoracic and Cardiovascular Surgery,1043-0679,1532-9488
Ultrasonography,2288-5919,2288-5943
MOLECULAR IMAGING AND BIOLOGY,1536-1632,1860-2002
ANNALS OF NUCLEAR MEDICINE,0914-7187,1864-6433
INTERNATIONAL JOURNAL OF IMPOTENCE RESEARCH,0955-9930,1476-5489
JOURNAL OF THE EGYPTIAN PUBLIC HEALTH ASSOCIATION,,2090-262X
CLINICAL AND EXPERIMENTAL PHARMACOLOGY AND PHYSIOLOGY,0305-1870,1440-1681
Cost Effectiveness and Resource Allocation,1478-7547,1478-7547
Health Services Insights,1178-6329,1178-6329
Journal of the Academy of Consultation-Liaison Psychiatry,2667-2960,2667-2960
PLOS Global Public Health,,2767-3375
Frontiers of Biogeography,1948-6596,1948-6596
North American Spine Society Journal,,2666-5484
Conservation Physiology,2051-1434,2051-1434
Health Equity,,2473-1242
Frontiers in Neuroinformatics,,1662-5196
INTERNATIONAL CLINICAL PSYCHOPHARMACOLOGY,0268-1315,1473-5857
Journal of Pain Research,1178-7090,1178-7090
MAGNETIC RESONANCE MATERIALS IN PHYSICS BIOLOGY AND MEDICINE,1352-8661,1352-8661
JOURNAL OF GERIATRIC PSYCHIATRY AND NEUROLOGY,0891-9887,1552-5708
Physiological Genomics,1094-8341,1531-2267
BMC Rheumatology,,2520-1026
Geriatrics & Gerontology International,1444-1586,1447-0594
Neuro-Oncology Practice,2054-2577,2054-2585
Comprehensive Psychoneuroendocrinology,2666-4976,2666-4976
Journal of Comparative Effectiveness Research,2042-6305,2042-6313
BMC Genomic Data,,2730-6844
JOURNAL FOR NATURE CONSERVATION,1617-1381,1618-1093
ACTA NEUROPSYCHIATRICA,0924-2708,1601-5215
STRAHLENTHERAPIE UND ONKOLOGIE,0179-7158,1439-099X
Chinese Journal of Integrative Medicine,1672-0415,1993-0402
HEREDITAS,1601-5223,1601-5223
IJC Heart & Vasculature,,2352-9067
INTERNATIONAL JOURNAL OF COSMETIC SCIENCE,0142-5463,1468-2494
Transplantation Reviews,0955-470X,
Journal of Arid Environments,0140-1963,1095-922X
JOURNAL OF HUMAN GENETICS,1434-5161,1435-232X
Expert Review of Gastroenterology & Hepatology,1747-4124,1747-4132
International Journal of Nephrology and Renovascular Disease,1178-7058,1178-7058
Journal of Clinical Hypertension,1524-6175,1751-7176
MUTATION RESEARCH-GENETIC TOXICOLOGY AND ENVIRONMENTAL MUTAGENESIS,1383-5718,1879-3592
Cancer Informatics,,1176-9351
Journal of Cardiovascular Translational Research,1937-5387,1937-5395
Plant Pathology Journal,1598-2254,2093-9280
ULTRASONIC IMAGING,0161-7346,1096-0910
EUROPEAN HEART JOURNAL SUPPLEMENTS,1520-765X,1554-2815
Pulmonary Circulation,2045-8932,2045-8940
Brain and Spine,2772-5294,2772-5294
Journal of Developmental Biology,,2221-3759
AIDS Research and Therapy,1742-6405,1742-6405
DIGESTIVE DISEASES AND SCIENCES,0163-2116,1573-2568
ENFERMEDADES INFECCIOSAS Y MICROBIOLOGIA CLINICA,0213-005X,1578-1852
Food Additives & Contaminants Part B-Surveillance,1939-3210,1939-3229
Briefings in Functional Genomics,2041-2649,2041-2657
Synthetic Biology,,2397-7000
Carbohydrate Research,0008-6215,1873-426X
PROTOPLASMA,0033-183X,1615-6102
ACTA CARDIOLOGICA,0001-5385,1784-973X
Translational Gastroenterology and Hepatology,,2415-1289
World Journal of Hepatology,1948-5182,1948-5182
Rural and Remote Health,1445-6354,
World Journal of Gastrointestinal Oncology,1948-5204,1948-5204
Quantitative Plant Biology,,2632-8828
TRANSFUSION MEDICINE REVIEWS,0887-7963,1532-9496
AIDS REVIEWS,1139-6121,1698-6997
CURRENT OPINION IN GASTROENTEROLOGY,0267-1379,1531-7056
GENESIS,1526-954X,1526-968X
Rheumatology and Immunology Research,,2719-4523
Gastroenterology Review-Przeglad Gastroenterologiczny,1895-5770,1897-4317
Acta Orthopaedica,1745-3674,1745-3682
OPHTHALMIC AND PHYSIOLOGICAL OPTICS,0275-5408,1475-1313
INTERNATIONAL JOURNAL OF GYNECOLOGY & OBSTETRICS,0020-7292,1879-3479
AMERICAN JOURNAL OF INFECTION CONTROL,0196-6553,1527-3296
Journal of Sports Science and Medicine,1303-2968,1303-2968
International Journal of Retina and Vitreous,,2056-9920
Odontology,1618-1247,1618-1255
PSYCHOSOMATIC MEDICINE,0033-3174,1534-7796
BMC Nephrology,,1471-2369
Eye and Brain,1179-2744,1179-2744
BMC MUSCULOSKELETAL DISORDERS,,1471-2474
AUSTRALIAN DENTAL JOURNAL,0045-0421,1834-7819
Journal of Oral & Facial Pain and Headache,2333-0384,2333-0376
Applications in Plant Sciences,2168-0450,2168-0450
GAIT & POSTURE,0966-6362,1879-2219
Journal of Racial and Ethnic Health Disparities,2197-3792,2196-8837
AIDS AND BEHAVIOR,1090-7165,1573-3254
Journal of Multidisciplinary Healthcare,1178-2390,1178-2390
Hormones and Behavior,0018-506X,1095-6867
INTERNATIONAL JOURNAL OF CLINICAL AND EXPERIMENTAL HYPNOSIS,0020-7144,1744-5183
HEALTH PROMOTION INTERNATIONAL,0957-4824,1460-2245
Joint Commission Journal on Quality and Patient Safety,1553-7250,1938-131X
Clinical Neuropsychiatry,1724-4935,2385-0787
International Journal of Public Health,1661-8556,1661-8564
NEUROPHYSIOLOGIE CLINIQUE-CLINICAL NEUROPHYSIOLOGY,0987-7053,1769-7131
Substance Abuse,0889-7077,1547-0164
HEALTH ECONOMICS,1057-9230,1099-1050
INTERNATIONAL ARCHIVES OF OCCUPATIONAL AND ENVIRONMENTAL HEALTH,0340-0131,1432-1246
Journal of Trauma & Dissociation,1529-9732,1529-9740
Preventive Medicine Reports,,2211-3355
AUSTRALIAN AND NEW ZEALAND JOURNAL OF PUBLIC HEALTH,1326-0200,1753-6405
Echo Research and Practice,2055-0464,2055-0464
Clinical Gerontologist,0731-7115,1545-2301
in silico Plants,,2517-5025
THERAPEUTIC DRUG MONITORING,0163-4356,1536-3694
AGING & MENTAL HEALTH,1360-7863,1364-6915
Asian Journal of Urology,2214-3882,2214-3890
Parasite,1252-607X,1776-1042
Plant Reproduction,2194-7953,2194-7961
AoB Plants,2041-2851,2041-2851
Health Promotion and Chronic Disease Prevention in Canada-Research Policy and Practice,2368-738X,2368-738X
Parasite Epidemiology and Control,2405-6731,2405-6731
CRITICAL CARE CLINICS,0749-0704,1557-8232
PSYCHIATRY-INTERPERSONAL AND BIOLOGICAL PROCESSES,0033-2747,1943-281X
Mental Health & Prevention,2212-6570,2212-6570
Substance Abuse-Research and Treatment,1178-2218,1178-2218
PARASITOLOGY,0031-1820,1469-8161
Dose-Response,1559-3258,1559-3258
American Journal of Mens Health,1557-9883,1557-9891
AMERICAN JOURNAL OF HEALTH PROMOTION,0890-1171,2168-6602
Cognitive Systems Research,2214-4366,1389-0417
Informatics for Health & Social Care,1753-8157,1753-8165
BioPsychoSocial Medicine,1751-0759,1751-0759
URBAN ECOSYSTEMS,1083-8155,1573-1642
International Journal for Numerical Methods in Biomedical Engineering,2040-7939,2040-7947
PHARMACOEPIDEMIOLOGY AND DRUG SAFETY,1053-8569,1099-1557
Rangeland Ecology & Management,1550-7424,1551-5028
PLANT CELL TISSUE AND ORGAN CULTURE,0167-6857,1573-5044
Journal of Cotton Research,2096-5044,2523-3254
JOURNAL OF ULTRASOUND IN MEDICINE,0278-4297,1550-9613
PLANT PATHOLOGY,0032-0862,1365-3059
SAR AND QSAR IN ENVIRONMENTAL RESEARCH,1062-936X,1029-046X
WEB ECOLOGY,2193-3081,1399-1183
ANNALS OF HEMATOLOGY,0939-5555,1432-0584
Zdravstveno Varstvo,0351-0026,1854-2476
WEED RESEARCH,0043-1737,1365-3180
Molecular Imaging,,1536-0121
Biomicrofluidics,,1932-1058
CURRENT OPINION IN NEPHROLOGY AND HYPERTENSION,1062-4821,1473-6543
Vasa-European Journal of Vascular Medicine,0301-1526,1664-2872
Allergy Asthma and Clinical Immunology,1710-1492,1710-1492
Sexual Development,1661-5425,1661-5433
Hamostaseologie,0720-9355,2567-5761
Current Trauma Reports,2198-6096,2198-6096
INTERNATIONAL JOURNAL OF LEGAL MEDICINE,0937-9827,1437-1596
Korean Journal of Orthodontics,2234-7518,2005-372X
JOURNAL OF ORAL PATHOLOGY & MEDICINE,0904-2512,1600-0714
JMIR Pediatrics and Parenting,2561-6722,2561-6722
JOURNAL OF ORTHOPAEDIC RESEARCH,0736-0266,1554-527X
CONTRACEPTION,0010-7824,1879-0518
JMIR Infodemiology,,2564-1891
JOURNAL OF RECONSTRUCTIVE MICROSURGERY,0743-684X,1098-8947
JOURNAL OF VISION,1534-7362,1534-7362
GRAEFES ARCHIVE FOR CLINICAL AND EXPERIMENTAL OPHTHALMOLOGY,0721-832X,1435-702X
Journal of Ophthalmic Inflammation and Infection,1869-5760,1869-5760
EUROPEAN JOURNAL OF PAEDIATRIC NEUROLOGY,1090-3798,1532-2130
Psychological Trauma-Theory Research Practice and Policy,1942-9681,1942-969X
"American Journal of Physiology-Regulatory, Integrative and Comparative Physiology",0363-6119,1522-1490
BMJ Paediatrics Open,,2399-9772
INTERNATIONAL JOURNAL OF OBSTETRIC ANESTHESIA,0959-289X,1532-3374
PET Clinics,1556-8598,1559-7814
Pediatric Rheumatology,,1546-0096
Primary Care Diabetes,1751-9918,1878-0210
Diagnostic Pathology,,1746-1596
GYNECOLOGIC AND OBSTETRIC INVESTIGATION,0378-7346,1423-002X
NEUROLOGIA MEDICO-CHIRURGICA,0470-8105,1349-8029
MEDICAL DECISION MAKING,0272-989X,1552-681X
PEDIATRIC PULMONOLOGY,8755-6863,1099-0496
PEDIATRIC RADIOLOGY,0301-0449,1432-1998
Critical Public Health,0958-1596,1469-3682
JOURNAL OF KOREAN MEDICAL SCIENCE,1011-8934,1598-6357
CAMBRIDGE QUARTERLY OF HEALTHCARE ETHICS,0963-1801,1469-2147
BRITISH DENTAL JOURNAL,0007-0610,1476-5373
ASAIO JOURNAL,1058-2916,1538-943X
BEHAVIOURAL BRAIN RESEARCH,0166-4328,1872-7549
Egyptian Journal of Aquatic Research,1687-4285,2090-3278
EUROPEAN ADDICTION RESEARCH,1022-6877,1421-9891
INTERNATIONAL JOURNAL OF COLORECTAL DISEASE,0179-1958,1432-1262
International Journal of Computer Assisted Radiology and Surgery,1861-6410,1861-6429
ADVANCES IN CHRONIC KIDNEY DISEASE,1548-5595,1548-5609
JOURNAL OF THE NATIONAL MEDICAL ASSOCIATION,0027-9684,1943-4693
SICOT-J,2426-8887,2426-8887
Journal of Health Economics and Outcomes Research,2327-2236,2327-2236
JOURNAL OF TRAUMATIC STRESS,0894-9867,1573-6598
Saudi Dental Journal,1013-9052,1658-3558
JOURNAL OF NUTRITION EDUCATION AND BEHAVIOR,1499-4046,1878-2620
Quantitative Imaging in Medicine and Surgery,2223-4292,2223-4306
Chronic Respiratory Disease,1479-9723,1479-9731
Endoscopy International Open,2364-3722,2196-9736
Journal of Hospital Medicine,1553-5592,1553-5606
Journal of Oral Biosciences,1349-0079,1880-3865
World Journal of Orthopedics,2218-5836,2218-5836
Sports Medicine and Health Science,2666-3376,2666-3376
JOURNAL OF PLANT RESEARCH,0918-9440,1618-0860
EPILEPSY & BEHAVIOR,1525-5050,1525-5069
International Journal of Workplace Health Management,1753-8351,1753-836X
TROPICAL MEDICINE & INTERNATIONAL HEALTH,1360-2276,1365-3156
MEDITERRANEAN MARINE SCIENCE,1108-393X,
Physiology International,2498-602X,2498-602X
Therapeutic Advances in Ophthalmology,2515-8414,2515-8414
INQUIRY-THE JOURNAL OF HEALTH CARE ORGANIZATION PROVISION AND FINANCING,0046-9580,1945-7243
UROLOGIC ONCOLOGY-SEMINARS AND ORIGINAL INVESTIGATIONS,1078-1439,1873-2496
BMJ Open,2044-6055,2044-6055
OECOLOGIA,0029-8549,1432-1939
Orthopedic Research and Reviews,,1179-1462
Health Policy OPEN,,2590-2296
Seminars in Ophthalmology,0882-0538,1744-5205
Alpine Botany,1664-2201,1664-221X
Health Informatics Journal,1460-4582,1741-2811
JOURNAL OF MATHEMATICAL BIOLOGY,0303-6812,1432-1416
PEDIATRIC BLOOD & CANCER,1545-5009,1545-5017
Aquatic Invasions,1798-6540,1818-5487
Blood Transfusion,1723-2007,1723-2007
GENES BRAIN AND BEHAVIOR,1601-1848,1601-183X
PATHOLOGY & ONCOLOGY RESEARCH,1219-4956,1532-2807
Plant Direct,,2475-4455
Cancer Epidemiology,1877-7821,1877-783X
Dermatology Practical & Conceptual,2160-9381,2160-9381
Estuaries and Coasts,1559-2723,1559-2731
JOURNAL OF NEUROIMAGING,1051-2284,1552-6569
Ecology and Evolution,2045-7758,2045-7758
Advances in Urology,1687-6369,1687-6377
INTERNATIONAL REVIEW OF HYDROBIOLOGY,1434-2944,1522-2632
Annals of Thoracic Medicine,1817-1737,1998-3557
BMC Cardiovascular Disorders,1471-2261,1471-2261
CLINICAL CARDIOLOGY,0160-9289,1932-8737
Evidence-Based Dentistry,1462-0049,1476-5446
Frontiers in Computational Neuroscience,,1662-5188
Journal of Cardiovascular Development and Disease,,2308-3425
JOURNAL OF EVOLUTIONARY BIOLOGY,1010-061X,1420-9101
JOURNAL OF MEDICAL SCREENING,0969-1413,1475-5793
Bio-Algorithms and Med-Systems,1895-9091,1896-530X
Current Sexual Health Reports,1548-3584,1548-3592
Developmental Neurobiology,1932-8451,1932-846X
Frontiers in Radiology,,2673-8740
Thoracic Cancer,1759-7706,1759-7714
ARTIFICIAL ORGANS,0160-564X,1525-1594
EUROPEAN JOURNAL OF HAEMATOLOGY,0902-4441,1600-0609
Health and Human Rights,,2150-4113
Physiologia,,2673-9488
Grassland Research,2097-051X,2770-1743
VISUAL NEUROSCIENCE,0952-5238,1469-8714
Journal of Gay & Lesbian Mental Health,1935-9705,1935-9713
JOURNAL OF VASCULAR RESEARCH,1018-1172,1423-0135
Clinical Respiratory Journal,1752-6981,1752-699X
Revista da Sociedade Brasileira de Medicina Tropical,0037-8682,
Advances in Respiratory Medicine,2451-4934,2543-6031
RADIATION AND ENVIRONMENTAL BIOPHYSICS,0301-634X,1432-2099
BLOOD PRESSURE,0803-7051,1651-1999
HEALTH,1363-4593,1461-7196
CROATIAN MEDICAL JOURNAL,0353-9504,1332-8166
Medical Ultrasonography,1844-4172,2066-8643
International Journal of Laboratory Hematology,1751-5521,1751-553X
Cardiology in Review,1061-5377,1538-4683
Journal of General and Family Medicine,2189-7948,2189-7948
Frontiers in Systems Biology,,2674-0702
Heart International,2036-2579,2036-2579
JOURNAL OF COMMUNITY HEALTH,0094-5145,1573-3610
AMERICAN JOURNAL OF EMERGENCY MEDICINE,0735-6757,1532-8171
APPLIED NURSING RESEARCH,0897-1897,1532-8201
Israel Journal of Health Policy Research,2045-4015,2045-4015
BDJ Open,,2056-807X
NURSING RESEARCH,0029-6562,1538-9847
FOOT & ANKLE INTERNATIONAL,1071-1007,1944-7876
Orthopaedics & Traumatology-Surgery & Research,1877-0568,1877-0568
CLINICS IN DERMATOLOGY,0738-081X,1879-1131
Updates in Surgery,2038-131X,2038-3312
ADVANCES IN NURSING SCIENCE,0161-9268,1550-5014
European Journal of Trauma and Emergency Surgery,1863-9933,1863-9941
FAMILY PRACTICE,0263-2136,1460-2229
Journal of Pregnancy,2090-2727,2090-2735
Journal of Foot and Ankle Research,,1757-1146
Research Ethics,1747-0161,2047-6094
JDR Clinical & Translational Research,2380-0844,2380-0852
ARCHIVES OF PSYCHIATRIC NURSING,0883-9417,1532-8228
OPERATIVE DENTISTRY,0361-7734,1559-2863
Clinical Ophthalmology,1177-5483,1177-5483
AMERICAN JOURNAL OF CRITICAL CARE,1062-3264,1937-710X
MCN-The American Journal of Maternal-Child Nursing,0361-929X,1539-0683
Stigma and Health,2376-6972,2376-6964
International Journal of Dentistry,1687-8728,1687-8736
International Journal of Telemedicine and Applications,1687-6415,1687-6423
JOURNAL OF CLINICAL MONITORING AND COMPUTING,1387-1307,1573-2614
PEDIATRIC INFECTIOUS DISEASE JOURNAL,0891-3668,1532-0987
JOURNAL OF AGING AND HEALTH,0898-2643,1552-6887
Taiwanese Journal of Obstetrics & Gynecology,1028-4559,
AGEING & SOCIETY,0144-686X,1469-1779
Clinical and Experimental Dental Research,2057-4347,2057-4347
JOURNAL OF DEVELOPMENTAL AND BEHAVIORAL PEDIATRICS,0196-206X,1536-7312
Urolithiasis,2194-7228,2194-7236
CANADIAN JOURNAL OF FISHERIES AND AQUATIC SCIENCES,0706-652X,1205-7533
F&S Reports,,2666-3341
BMJ Open Ophthalmology,2397-3269,2397-3269
CANADIAN JOURNAL OF SURGERY,0008-428X,1488-2310
CHILD PSYCHIATRY & HUMAN DEVELOPMENT,0009-398X,1573-3327
Clinical Cosmetic and Investigational Dermatology,1178-7015,1178-7015
Journal of Clinical Pediatric Dentistry,1053-4628,1557-5268
INTERNATIONAL JOURNAL OF UROLOGY,0919-8172,1442-2042
Systems Biology in Reproductive Medicine,1939-6368,1939-6376
Current Opinion in Systems Biology,2452-3100,2452-3100
International Journal of Fertility & Sterility,2008-076X,2008-0778
Dementia-International Journal of Social Research and Practice,1471-3012,1741-2684
DERMATOLOGIC SURGERY,1076-0512,1524-4725
EXPERIMENTAL AND CLINICAL PSYCHOPHARMACOLOGY,1064-1297,1936-2293
Journal of Attention Disorders,1087-0547,1557-1246
Journal of Studies on Alcohol and Drugs,1937-1888,1938-4114
Wellbeing Space and Society,2666-5581,2666-5581
BEHAVIOR GENETICS,0001-8244,1573-3297
Epidemiologia,,2673-3986
JOURNAL OF GAMBLING STUDIES,1050-5350,1573-3602
MEDICAL CARE RESEARCH AND REVIEW,1077-5587,1552-6801
PHOTODERMATOLOGY PHOTOIMMUNOLOGY & PHOTOMEDICINE,0905-4383,1600-0781
Injury Epidemiology,,2197-1714
DEVELOPMENTAL PSYCHOBIOLOGY,0012-1630,1098-2302
Epidemiology & Infection,0950-2688,1469-4409
Epidemiology and Health,2092-7193,2092-7193
INTERNATIONAL JOURNAL OF EXPERIMENTAL PATHOLOGY,0959-9673,1365-2613
Journal of Innovative Optical Health Sciences,1793-5458,1793-7205
SKELETAL RADIOLOGY,0364-2348,1432-2161
Trauma Surgery & Acute Care Open,,2397-5776
INTERNATIONAL JOURNAL OF SPORTS MEDICINE,0172-4622,1439-3964
Journal of Health Organization and Management,1477-7266,1758-7247
INTERNATIONAL JOURNAL FOR QUALITY IN HEALTH CARE,1353-4505,1464-3677
MEDICAL PRINCIPLES AND PRACTICE,1011-7571,1423-0151
Tomography,2379-1381,2379-139X
Abdominal Radiology,2366-004X,2366-0058
JOURNAL OF PSYCHOACTIVE DRUGS,0279-1072,2159-9777
ACTA PHYSIOLOGIAE PLANTARUM,0137-5881,1861-1664
ECOHYDROLOGY & HYDROBIOLOGY,1642-3593,2080-3397
International Health,1876-3413,1876-3405
JOURNAL OF BEHAVIOR THERAPY AND EXPERIMENTAL PSYCHIATRY,0005-7916,1873-7943
Journal of Obstetrics and Gynaecology Canada,1701-2163,1701-2163
Translational Journal of the American College of Sports Medicine,,2379-2868
Tropical Diseases Travel Medicine and Vaccines,2055-0936,2055-0936
ClinicoEconomics and Outcomes Research,1178-6981,1178-6981
Explore-The Journal of Science and Healing,1550-8307,1878-7541
International Journal for Parasitology-Parasites and Wildlife,2213-2244,2213-2244
Journal of Biological Dynamics,1751-3758,1751-3766
Open Access Journal of Contraception,,1179-1527
Palliative Care & Social Practice,2632-3524,2632-3524
BEHAVIORAL MEDICINE,0896-4289,1940-4026
Journal of Psychedelic Studies,,2559-9283
BULLETIN OF MATHEMATICAL BIOLOGY,0092-8240,1522-9602
Fungal Ecology,1754-5048,1878-0083
Journal of Applied Clinical Medical Physics,1526-9914,1526-9914
Therapeutics and Clinical Risk Management,,1178-203X
JOURNAL OF CARDIOVASCULAR PHARMACOLOGY,0160-2446,1533-4023
JOURNAL OF CHILD AND ADOLESCENT PSYCHOPHARMACOLOGY,1044-5463,1557-8992
AQUATIC CONSERVATION-MARINE AND FRESHWATER ECOSYSTEMS,1052-7613,1099-0755
Clinics and Practice,2039-7275,2039-7283
BOTANICAL JOURNAL OF THE LINNEAN SOCIETY,0024-4074,1095-8339
Dermatologica Sinica,1027-8117,2223-330X
Science of Diabetes Self-Management and Care,2635-0106,2635-0114
ECOLOGICAL MANAGEMENT & RESTORATION,1442-7001,1442-8903
JOURNAL OF THROMBOSIS AND THROMBOLYSIS,0929-5305,1573-742X
Journal of Transplantation,2090-0007,2090-0015
Heart Lung and Circulation,1443-9506,1444-2892
Tobacco Use Insights,1179-173X,1179-173X
Global Health-Science and Practice,2169-575X,2169-575X
PEDOBIOLOGIA,0031-4056,1873-1511
mHealth,,2306-9740
Sexual Health,1448-5028,1449-8987
Archives of Cardiovascular Diseases,1875-2136,1875-2128
Journal of Plant Diseases and Protection,1861-3829,1861-3837
Therapeutic Advances in Cardiovascular Disease,1753-9447,1753-9455
INTERNATIONAL JOURNAL OF HEALTH CARE QUALITY ASSURANCE,0952-6862,1758-6542
Radiology and Oncology,1318-2099,1581-3207
CURRENT MEDICAL RESEARCH AND OPINION,0300-7995,1473-4877
Human Factors in Healthcare,,2772-5014
JMIR Cardio,,2561-1011
REVISTA PANAMERICANA DE SALUD PUBLICA-PAN AMERICAN JOURNAL OF PUBLIC HEALTH,1020-4989,1680-5348
CURRENT CARDIOLOGY REVIEWS,1573-403X,1875-6557
CURRENT OPINION IN UROLOGY,0963-0643,1473-6586
BREEDING SCIENCE,1344-7610,1347-3735
Medicinal Plant Biology,,2835-6969
Journal of Traditional Chinese Medicine,0255-2922,1577-7014
Journal of Molecular and Cellular Cardiology Plus,,2772-9761
Kidney and Dialysis,,2673-8236
JOURNAL OF CARBOHYDRATE CHEMISTRY,0732-8303,1532-2327
Acta Otorhinolaryngologica Italica,0392-100X,1827-675X
European Journal of Dentistry,1305-7456,1305-7464
Journal of Surgical Education,1931-7204,1878-7452
Global Qualitative Nursing Research,2333-3936,2333-3936
RETINA-THE JOURNAL OF RETINAL AND VITREOUS DISEASES,0275-004X,1539-2864
ARCHIVES OF ORAL BIOLOGY,0003-9969,1879-1506
International Journal of Telerehabilitation,1945-2020,1945-2020
CLINICAL BIOCHEMISTRY,0009-9120,1873-2933
International Journal of Medical Robotics and Computer Assisted Surgery,1478-5951,1478-596X
Patient Safety in Surgery,1754-9493,1754-9493
Workplace Health & Safety,2165-0799,2165-0969
CORNEA,0277-3740,1536-4798
JOURNAL OF CRANIO-MAXILLOFACIAL SURGERY,1010-5182,1878-4119
ACTA PAEDIATRICA,0803-5253,1651-2227
Children-Basel,,2227-9067
Pediatrics and Neonatology,1875-9572,2212-1692
Pain Management Nursing,1524-9042,1532-8635
ARCHIVES OF ORTHOPAEDIC AND TRAUMA SURGERY,0936-8051,1434-3916
JOURNAL OF HAND SURGERY-AMERICAN VOLUME,0363-5023,1531-6564
Journal of Lower Genital Tract Disease,1089-2591,1526-0976
Journal of Neurosurgery-Pediatrics,1933-0707,1933-0715
PEDIATRIC NEUROLOGY,0887-8994,1873-5150
JOURNAL OF BIOLOGICAL RHYTHMS,0748-7304,1552-4531
Perioperative Medicine,,2047-0525
Hospital Pediatrics,2154-1663,2154-1671
Annals of Coloproctology,2287-9714,2287-9722
Orthopaedic Surgery,1757-7853,1757-7861
Arthroplasty Today,2352-3441,2352-3441
Biological Research for Nursing,1099-8004,1552-4175
Foot & Ankle Specialist,1938-6400,1938-7636
Current Tropical Medicine Reports,,2196-3045
MARINE BIOLOGY,0025-3162,1432-1793
Eye & Contact Lens-Science and Clinical Practice,1542-2321,1542-233X
BIOETHICS,0269-9702,1467-8519
Journal of Aging & Social Policy,0895-9420,1545-0821
Medicina Oral Patologia Oral y Cirugia Bucal,1698-6946,1698-6946
CRYOBIOLOGY,0011-2240,1090-2392
HEALTH EDUCATION & BEHAVIOR,1090-1981,1552-6127
International Neurourology Journal,2093-4777,2093-6931
Investigative and Clinical Urology,2466-0493,2466-054X
ANALES DE PEDIATRIA,1695-4033,1695-9531
Contemporary Nurse,1037-6178,1839-3535
DOMESTIC ANIMAL ENDOCRINOLOGY,0739-7240,1879-0054
HISTOCHEMISTRY AND CELL BIOLOGY,0948-6143,1432-119X
CONNECTIVE TISSUE RESEARCH,0300-8207,1607-8438
Imaging Science in Dentistry,2233-7822,2233-7830
SCANDINAVIAN JOURNAL OF PUBLIC HEALTH,1403-4948,1651-1905
World Neurosurgery,1878-8750,1878-8769
Evolution Medicine and Public Health,,2050-6201
MARINE ECOLOGY PROGRESS SERIES,0171-8630,1616-1599
KIDNEY & BLOOD PRESSURE RESEARCH,1420-4096,1423-0143
Australian Journal of Rural Health,1038-5282,1440-1584
Global Public Health,1744-1692,1744-1706
JOURNAL OF OCULAR PHARMACOLOGY AND THERAPEUTICS,1080-7683,1557-7732
AMERICAN JOURNAL OF OCCUPATIONAL THERAPY,0272-9490,1943-7676
ANIMAL GENETICS,0268-9146,1365-2052
AMERICAN JOURNAL OF MANAGED CARE,1088-0224,
Current Opinion in Anesthesiology,0952-7907,1473-6500
International Journal of Orthopaedic and Trauma Nursing,1878-1241,1878-1292
JOURNAL OF CARDIOTHORACIC AND VASCULAR ANESTHESIA,1053-0770,1532-8422
Orthopedic Reviews,2035-8237,2035-8164
COMMUNITY DENTISTRY AND ORAL EPIDEMIOLOGY,0301-5661,1600-0528
International Journal of Sports Physical Therapy,2159-2896,2159-2896
Journal of International Society of Preventive and Community Dentistry,2231-0762,2250-1002
Pharmacoeconomics-Open,2509-4262,2509-4254
Occupational Health Science,2367-0134,2367-0142
Scandinavian Journal of Urology,2168-1805,2168-1813
WIENER KLINISCHE WOCHENSCHRIFT,0043-5325,1613-7671
Health Science Reports,,2398-8835
Diversity-Basel,,1424-2818
Journal of Preventive Medicine & Public Health,1975-8375,2233-4521
JOURNAL OF EVALUATION IN CLINICAL PRACTICE,1356-1294,1365-2753
Journal of Spectroscopy,2314-4920,2314-4939
Theoretical and Experimental Plant Physiology,2197-0025,2197-0025
CANCER CAUSES & CONTROL,0957-5243,1573-7225
Journal of the American Academy of Orthopaedic Surgeons Global Research and Reviews,2474-7661,2474-7661
REVISTA DE SAUDE PUBLICA,0034-8910,1518-8787
Annals of Work Exposures and Health,2398-7308,2398-7316
CURRENT OPINION IN OBSTETRICS & GYNECOLOGY,1040-872X,1473-656X
SAGE Open Medicine,2050-3121,2050-3121
VECTOR-BORNE AND ZOONOTIC DISEASES,1530-3667,1557-7759
Breast Care,1661-3791,1661-3805
CANCER BIOTHERAPY AND RADIOPHARMACEUTICALS,1084-9785,1557-8852
MEDICINA CLINICA,0025-7753,1578-8989
ORYX,0030-6053,1365-3008
Precision Radiation Oncology,2398-7324,2398-7324
Journal of Medical Ultrasonics,1346-4523,1613-2254
Interactive Cardiovascular and Thoracic Surgery,1569-9293,1569-9285
INTERVENTIONAL NEURORADIOLOGY,1591-0199,2385-2011
Turkish Journal of Pathology,1018-5615,1309-5730
AEROBIOLOGIA,0393-5965,1573-3025
Seminars in Pediatric Neurology,1071-9091,1558-0776
BJR Open,,2513-9878
HYPERTENSION IN PREGNANCY,1064-1955,1525-6065
International Journal of Health Sciences-IJHS,1658-3639,1658-7774
PARASITE IMMUNOLOGY,0141-9838,1365-3024
REVUE D EPIDEMIOLOGIE ET DE SANTE PUBLIQUE,0398-7620,1773-0627
Seminars in Orthodontics,1073-8746,1558-4631
Nursing Reports,2039-439X,2039-4403
American Journal of Health Economics,2332-3493,2332-3507
NURSING FORUM,0029-6473,1744-6198
APPLIED ANIMAL BEHAVIOUR SCIENCE,0168-1591,1872-9045
BMC Pediatrics,,1471-2431
VETERINARY CLINICS OF NORTH AMERICA-SMALL ANIMAL PRACTICE,0195-5616,1878-1306
Laparoscopic Endoscopic and Robotic Surgery,2542-3614,2468-9009
VETERINARY RESEARCH COMMUNICATIONS,0165-7380,1573-7446
Clinics in Orthopedic Surgery,2005-291X,2005-4408
Archives of Academic Emergency Medicine,,2645-4904
EARLY HUMAN DEVELOPMENT,0378-3782,1872-6232
Frontiers in Pediatrics,2296-2360,2296-2360
International Journal of Emergency Medicine,1865-1372,1865-1380
JOURNAL OF CLINICAL PATHOLOGY,0021-9746,1472-4146
INJURY-INTERNATIONAL JOURNAL OF THE CARE OF THE INJURED,0020-1383,1879-0267
Foot and Ankle Surgery,1268-7731,1460-9584
International Emergency Nursing,1755-599X,1878-013X
International Journal of Computerized Dentistry,1463-4201,1463-4201
OTOLOGY & NEUROTOLOGY,1531-7129,1537-4505
SCIENCE & JUSTICE,1355-0306,1876-4452
Sexual Medicine,,2050-1161
Western Journal of Emergency Medicine,1936-900X,1936-9018
Journal of PeriAnesthesia Nursing,1089-9472,1532-8473
Archives of Rehabilitation Research and Clinical Translation,2590-1095,2590-1095
DISABILITY AND REHABILITATION,0963-8288,1464-5165
European Archives of Paediatric Dentistry,1818-6300,1996-9805
HEALTH EDUCATION RESEARCH,0268-1153,1465-3648
CURRENT EYE RESEARCH,0271-3683,1460-2202
LARYNGOSCOPE,0023-852X,1531-4995
Prehospital Emergency Care,1090-3127,1545-0066
ACTA ANAESTHESIOLOGICA SCANDINAVICA,0001-5172,1399-6576
Canadian Journal of Emergency Medicine,1481-8035,1481-8043
International Journal of Nursing Practice,1322-7114,1440-172X
Veterinary Medicine International,2090-8113,2042-0048
KNEE,0968-0160,1873-5800
Physical Medicine and Rehabilitation Clinics of North America,1047-9651,1558-1381
Journal of Stomatology Oral and Maxillofacial Surgery,2468-8509,2468-7855
PATHOBIOLOGY,1015-2008,1423-0291
Current Opinion in Otolaryngology & Head and Neck Surgery,1068-9508,1531-6998
UROLOGY,0090-4295,1527-9995
INDIAN JOURNAL OF PEDIATRICS,0019-5456,0973-7693
OCULAR IMMUNOLOGY AND INFLAMMATION,0927-3948,1744-5078
JOURNAL OF APPLIED GERONTOLOGY,0733-4648,1552-4523
Journal of Research in Nursing,1744-9871,1744-988X
MINIMALLY INVASIVE THERAPY & ALLIED TECHNOLOGIES,1364-5706,1365-2931
Veterinary World,0972-8988,2231-0916
Animal Diseases,,2731-0442
Applied Physiology Nutrition and Metabolism,1715-5312,1715-5320
CHILD CARE HEALTH AND DEVELOPMENT,0305-1862,1365-2214
JOURNAL OF NEUROSCIENCE NURSING,0888-0395,1945-2810
Journal of Psychosomatic Obstetrics & Gynecology,0167-482X,1743-8942
Journal of the Economics of Ageing,2212-828X,2212-8298
Public Health Ethics,1754-9973,1754-9981
European Endodontic Journal,2548-0839,2548-0839
JOURNAL OF PLANKTON RESEARCH,0142-7873,1464-3774
Revista Paulista de Pediatria,0103-0582,1984-0462
AMERICAN JOURNAL OF NURSING,0002-936X,1538-7488
Journal of Visceral Surgery,1878-7886,1878-7886
World Neurosurgery-X,,2590-1397
JOGNN-JOURNAL OF OBSTETRIC GYNECOLOGIC AND NEONATAL NURSING,0884-2175,1552-6909
Neuropsychologia,0028-3932,1873-3514
BIOFOULING,0892-7014,1029-2454
STEM CELLS AND DEVELOPMENT,1547-3287,1557-8534
ARCHIVES OF SUICIDE RESEARCH,1381-1118,1543-6136
LIMNOLOGICA,0075-9511,1873-5851
CUAJ-Canadian Urological Association Journal,1911-6470,1920-1214
JOURNAL OF FISH BIOLOGY,,1095-8649
JOURNAL OF NEURO-OPHTHALMOLOGY,1070-8022,1536-5166
Journal of Magnetic Resonance Open,,2666-4410
Pediatric Investigation,2096-3726,2574-2272
Sports Biomechanics,1476-3141,1752-6116
ADDICTION RESEARCH & THEORY,1606-6359,1476-7392
COMPARATIVE IMMUNOLOGY MICROBIOLOGY AND INFECTIOUS DISEASES,0147-9571,1878-1667
International Journal of Older People Nursing,1748-3735,1748-3743
JOURNAL OF MASS SPECTROMETRY,1076-5174,1096-9888
Patient Preference and Adherence,1177-889X,
Diagnosis,2194-8011,2194-802X
TAXON,0040-0262,1996-8175
International Journal of General Medicine,,1178-7074
HISTOLOGY AND HISTOPATHOLOGY,0213-3911,1699-5848
JOURNAL OF THEORETICAL BIOLOGY,0022-5193,1095-8541
Critical Care Nurse,0279-5442,1940-8250
EUROPEAN JOURNAL OF CONTRACEPTION AND REPRODUCTIVE HEALTH CARE,1362-5187,1473-0782
JOURNAL OF PLANT BIOLOGY,1226-9239,1867-0725
JOURNAL OF RADIATION RESEARCH,0449-3060,1349-9157
Clinical Child Psychology and Psychiatry,1359-1045,1461-7021
MYCOBIOLOGY,1229-8093,2092-9323
Indian Journal of Psychological Medicine,0253-7176,0975-1564
Paediatrics & Child Health,1205-7088,1918-1485
SYSTEMATICS AND BIODIVERSITY,1477-2000,1478-0933
ANNALS ACADEMY OF MEDICINE SINGAPORE,,2972-4066
JOURNAL OF INVESTIGATIVE MEDICINE,1081-5589,1708-8267
PLANTA MEDICA,0032-0943,1439-0221
Journal of Clinical Medicine Research-Canada,1918-3003,1918-3011
Breast Journal,1075-122X,1524-4741
JOURNAL OF PLANT PATHOLOGY,1125-4653,2239-7264
JOURNAL OF ANATOMY,0021-8782,1469-7580
Australasian Emergency Care,,2588-994X
Veterinary and Comparative Oncology,1476-5810,1476-5829
INTERNATIONAL JOURNAL OF AUDIOLOGY,1499-2027,1708-8186
PEDIATRIC CLINICS OF NORTH AMERICA,0031-3955,1557-8240
Contraception and Reproductive Medicine,,2055-7426
International Journal of Paediatric Dentistry,0960-7439,1365-263X
JAPANESE JOURNAL OF OPHTHALMOLOGY,0021-5155,1613-2246
LASERS IN SURGERY AND MEDICINE,0196-8092,1096-9101
VETERINARY CLINICS OF NORTH AMERICA-FOOD ANIMAL PRACTICE,0749-0720,1558-4240
JOURNAL OF MEDICINE AND PHILOSOPHY,0360-5310,1744-5019
Journal of the American College of Emergency Physicians Open,,2688-1152
MEDICAL AND VETERINARY ENTOMOLOGY,0269-283X,1365-2915
Aesthetic Surgery Journal Open Forum,,2631-4797
EUROPEAN SURGICAL RESEARCH,0014-312X,1421-9921
OPHTHALMIC RESEARCH,0030-3747,1423-0259
GEBURTSHILFE UND FRAUENHEILKUNDE,0016-5751,1438-8804
OPHTHALMOLOGICA,0030-3755,1423-0267
CELLS TISSUES ORGANS,1422-6405,1422-6421
Facial Plastic Surgery Clinics of North America,1064-7406,1558-1926
VETERINARY ANAESTHESIA AND ANALGESIA,1467-2987,1467-2995
Measurement in Physical Education and Exercise Science,1091-367X,1532-7841
Oral Surgery Oral Medicine Oral Pathology Oral Radiology,2212-4403,2212-4411
Indian Journal of Anaesthesia,0019-5049,0976-2817
JOURNAL OF NURSING ADMINISTRATION,0002-0443,1539-0721
European Journal of Dental Education,1396-5883,1600-0579
Chinese Journal of Traumatology,1008-1275,1008-1275
International Orthodontics,1761-7227,1879-680X
CRANIO-The Journal of Craniomandibular & Sleep Practice,0886-9634,2151-0903
Joint Diseases and Related Surgery,,2687-4792
JOURNAL OF APPLIED RESEARCH IN INTELLECTUAL DISABILITIES,1360-2322,1468-3148
JOURNAL OF NURSING EDUCATION,0148-4834,1938-2421
Brazilian Journal of Anesthesiology,0104-0014,2352-2291
Frontiers in Rehabilitation Sciences,,2673-6861
Journal of Applied Laboratory Medicine,2576-9456,2475-7241
Journal of Manual & Manipulative Therapy,1066-9817,2042-6186
Journal of Pediatric Urology,1477-5131,1873-4898
NEUROSURGERY CLINICS OF NORTH AMERICA,1042-3680,1558-1349
Videosurgery and Other Miniinvasive Techniques,1895-4588,2299-0054
Obstetrics & Gynecology Science,2287-8572,2287-8580
PERSPECTIVES IN PSYCHIATRIC CARE,0031-5990,1744-6163
Research in Sports Medicine,1543-8627,1543-8635
Computer Assisted Surgery,,2469-9322
CLINICAL TRANSPLANTATION,0902-0063,1399-0012
JOURNAL OF SMALL ANIMAL PRACTICE,0022-4510,1748-5827
ACTA NEUROCHIRURGICA,0001-6268,0942-0940
Sex Education-Sexuality Society and Learning,1468-1811,1472-0825
BRITISH JOURNAL OF ORAL & MAXILLOFACIAL SURGERY,0266-4356,1532-1940
JOURNAL OF INSECT CONSERVATION,1366-638X,1572-9753
Clinical Medicine Insights-Arthritis and Musculoskeletal Disorders,1179-5441,1179-5441
PSYCHOLOGY & HEALTH,0887-0446,1476-8321
JOURNAL OF BIOMOLECULAR NMR,0925-2738,1573-5001
LIMNOLOGY AND OCEANOGRAPHY-METHODS,1541-5856,1541-5856
ANXIETY STRESS AND COPING,1061-5806,1477-2205
ARCHIVES OF INSECT BIOCHEMISTRY AND PHYSIOLOGY,0739-4462,1520-6327
Journal of Ophthalmology,2090-004X,2090-0058
JOURNAL OF SURGICAL ONCOLOGY,0022-4790,1096-9098
European Journal of Obstetrics & Gynecology and Reproductive Biology,0301-2115,1872-7654
EUROPEAN JOURNAL OF CANCER CARE,0961-5423,1365-2354
JOURNAL OF MAGNETIC RESONANCE,1090-7807,1096-0856
Local and Regional Anesthesia,1178-7112,1178-7112
ACTA ODONTOLOGICA SCANDINAVICA,0001-6357,1502-3850
AQUATIC LIVING RESOURCES,0990-7440,1765-2952
BIOSYSTEMS,0303-2647,1872-8324
HUMAN MOVEMENT SCIENCE,0167-9457,1872-7646
Jornal Brasileiro de Reproducao Assistida,1517-5693,1518-0557
Journal of Genetic Counseling,1059-7700,1573-3599
BIOLOGICAL BULLETIN,0006-3185,1939-8697
DENTAL MATERIALS JOURNAL,0287-4547,0287-4547
German Journal of Exercise and Sport Research,2509-3142,2509-3150
Journal of Ayurveda and Integrative Medicine,0975-9476,0976-2809
JTCVS Techniques,2666-2507,2666-2507
JTCVS Open,,2666-2736
Journal of Herbal Medicine,2210-8033,2210-8041
EUROPEAN JOURNAL OF PLANT PATHOLOGY,0929-1873,1573-8469
CURRENT PROBLEMS IN SURGERY,0011-3840,1535-6337
Landscape and Ecological Engineering,1860-1871,1860-188X
IN VITRO CELLULAR & DEVELOPMENTAL BIOLOGY-PLANT,1054-5476,1475-2689
SINGAPORE MEDICAL JOURNAL,0037-5675,2737-5935
SWISS MEDICAL WEEKLY,1424-7860,1424-3997
PHYTOPATHOLOGIA MEDITERRANEA,0031-9465,1593-2095
CIN-COMPUTERS INFORMATICS NURSING,1538-2931,1538-9774
JOURNAL OF COASTAL CONSERVATION,1400-0350,1874-7841
PACIFIC CONSERVATION BIOLOGY,1038-2097,2204-4604
Translational Sports Medicine,,2573-8488
Conservation,,2673-7159
JOURNAL OF BIOSCIENCES,0250-5991,0973-7138
SEED SCIENCE RESEARCH,0960-2585,1475-2735
WATER ENVIRONMENT RESEARCH,1061-4303,1554-7531
Journal of Taibah University Medical Sciences,1658-3612,1658-3612
RESEARCH IN VETERINARY SCIENCE,0034-5288,1532-2661
Brazilian Journal of Otorhinolaryngology,1808-8694,1808-8686
Journal of Hand Therapy,0894-1130,1545-004X
JOURNAL OF TEACHING IN PHYSICAL EDUCATION,0273-5024,1543-2769
JOURNAL OF FORENSIC SCIENCES,0022-1198,1556-4029
American Journal of Audiology,1059-0889,1558-9137
CLINICS IN PLASTIC SURGERY,0094-1298,1558-0504
JAVMA-JOURNAL OF THE AMERICAN VETERINARY MEDICAL ASSOCIATION,0003-1488,1943-569X
Breastfeeding Medicine,1556-8253,1556-8342
JOURNAL OF HUMAN LACTATION,0890-3344,1552-5732
CLINICAL JOURNAL OF SPORT MEDICINE,1050-642X,1536-3724
SCANDINAVIAN JOURNAL OF CARING SCIENCES,0283-9318,1471-6712
LANGENBECKS ARCHIVES OF SURGERY,1435-2443,1435-2451
TEACHING AND LEARNING IN MEDICINE,1040-1334,1532-8015
Journal of Pediatric Health Care,0891-5245,1532-656X
BMC Surgery,,1471-2482
Arthropod Systematics & Phylogeny,1863-7221,1864-8312
Scandinavian Journal of Surgery,1457-4969,1799-7267
AGRICULTURAL AND FOREST ENTOMOLOGY,1461-9555,1461-9563
Journal of Geriatric Physical Therapy,1539-8412,2152-0895
Journal of Pediatric and Adolescent Gynecology,1083-3188,1873-4332
Journal of Wound Ostomy and Continence Nursing,1071-5754,1528-3976
JOURNAL OF ORTHOPAEDIC TRAUMA,0890-5339,1531-2291
Forensic Sciences Research,2096-1790,2471-1411
NEUROBIOLOGY OF LEARNING AND MEMORY,1074-7427,1095-9564
Physiotherapy Research International,1358-2267,1471-2865
SCANDINAVIAN JOURNAL OF PRIMARY HEALTH CARE,0281-3432,1502-7724
PHYSICIAN AND SPORTSMEDICINE,0091-3847,2326-3660
Clinical Nursing Research,1054-7738,1552-3799
Photobiomodulation Photomedicine and Laser Surgery,,2578-5478
DEATH STUDIES,0748-1187,1091-7683
Frontiers in Surgery,2296-875X,2296-875X
JOURNAL OF SCHOOL HEALTH,0022-4391,1746-1561
AEM Education and Training,,2472-5390
Australian Occupational Therapy Journal,0045-0766,1440-1630
Plastic and Reconstructive Surgery-Global Open,2169-7574,2169-7574
ORTHOPEDIC CLINICS OF NORTH AMERICA,0030-5898,1558-1373
Marine and Coastal Fisheries,1942-5120,1942-5120
ANNALS OF THE ENTOMOLOGICAL SOCIETY OF AMERICA,0013-8746,1938-2901
Womens Health Reports,,2688-4844
Economics & Human Biology,1570-677X,1873-6130
Journal of Child and Family Studies,1062-1024,1573-2843
Therapeutic Advances in Reproductive Health,,2633-4941
JOURNAL OF APICULTURAL RESEARCH,0021-8839,2078-6913
INTERNATIONAL UROGYNECOLOGY JOURNAL,0937-3462,1433-3023
Spine Deformity,2212-134X,2212-1358
ANIMAL BIOTECHNOLOGY,1049-5398,1532-2378
Applied Radiation and Isotopes,0969-8043,1872-9800
JOURNAL OF PESTICIDE SCIENCE,1348-589X,1349-0923
ACSMS HEALTH & FITNESS JOURNAL,1091-5397,1536-593X
AQUATIC SCIENCES,1015-1621,1420-9055
JSLS-Journal of the Society of Laparoendoscopic Surgeons,1086-8089,
NEUROREHABILITATION,1053-8135,1878-6448
Spine Surgery and Related Research,2432-261X,2432-261X
AQUATIC ECOLOGY,1386-2588,1573-5125
BRAIN INJURY,0269-9052,1362-301X
JPRAS Open,2352-5878,2352-5878
Marine Ecology-An Evolutionary Perspective,0173-9565,1439-0485
International Journal of Reproductive Biomedicine,2476-4108,2476-3772
Journal of Essential Oil Bearing Plants,0972-060X,0976-5026
JOURNAL OF EXPERIMENTAL MARINE BIOLOGY AND ECOLOGY,0022-0981,1879-1697
MATHEMATICAL BIOSCIENCES,0025-5564,1879-3134
Archives of Bone and Joint Surgery-ABJS,2345-4644,2345-461X
Journal of Burn Care & Research,1559-047X,1559-0488
ANNALS OF SAUDI MEDICINE,0256-4947,1319-9226
ENVIRONMENTAL BIOLOGY OF FISHES,0378-1909,1573-5133
RADIOPROTECTION,0033-8451,1769-700X
Thoracic Surgery Clinics,1547-4127,1558-5069
Chronic Illness,1742-3953,1745-9206
AMERICAN JOURNAL OF THE MEDICAL SCIENCES,0002-9629,1538-2990
JOURNAL OF RADIOLOGICAL PROTECTION,0952-4746,1361-6498
AMERICAN JOURNAL OF ENOLOGY AND VITICULTURE,0002-9254,1943-7749
Frontiers in Conservation Science,,2673-611X
EJVES Vascular Forum,2666-688X,2666-688X
JMA Journal,2433-328X,2433-3298
WATER AND ENVIRONMENT JOURNAL,1747-6585,1747-6593
SOIL SCIENCE AND PLANT NUTRITION,0038-0768,1747-0765
Czech Journal of Genetics and Plant Breeding,1212-1975,1805-9325
Current Obstetrics and Gynecology Reports,2161-3303,2161-3303
PLANT BREEDING,0179-9541,1439-0523
SPORTS MEDICINE AND ARTHROSCOPY REVIEW,1062-8592,1538-1951
FLORA,0367-2530,1618-0585
BRITISH JOURNAL OF HOSPITAL MEDICINE,1750-8460,1759-7390
ANNALS OF ANATOMY-ANATOMISCHER ANZEIGER,0940-9602,1618-0402
AMERICAN JOURNAL OF OTOLARYNGOLOGY,0196-0709,1532-818X
Teaching and Learning in Nursing,1557-3087,1557-2013
NURSING CLINICS OF NORTH AMERICA,0029-6465,1558-1357
Australian Journal of General Practice,2208-794X,2208-7958
FAMILY MEDICINE,0742-3225,1938-3800
Collegian,1322-7696,1876-7575
Laryngoscope Investigative Otolaryngology,2378-8038,2378-8038
BMC Zoology,,2056-3132
ACTA VETERINARIA SCANDINAVICA,0044-605X,1751-0147
VETERINARY PATHOLOGY,0300-9858,1544-2217
GENERAL AND COMPARATIVE ENDOCRINOLOGY,0016-6480,1095-6840
JOURNAL OF SURGICAL RESEARCH,0022-4804,1095-8673
Veterinary Medicine and Science,,2053-1095
Canadian Journal of Occupational Therapy-Revue Canadienne d Ergotherapie,0008-4174,1911-9828
JOURNAL OF NURSING CARE QUALITY,1057-3631,1550-5065
EXPERIMENTAL AND APPLIED ACAROLOGY,0168-8162,1572-9702
Journal of Communication in Healthcare,1753-8068,1753-8076
Pediatric Health Medicine and Therapeutics,,1179-9927
Journal of the American Association for Laboratory Animal Science,1559-6109,1559-6109
ADVANCES IN PHYSIOLOGY EDUCATION,1043-4046,1522-1229
TROPICAL ANIMAL HEALTH AND PRODUCTION,0049-4747,1573-7438
WESTERN JOURNAL OF NURSING RESEARCH,0193-9459,1552-8456
REHABILITATION PSYCHOLOGY,0090-5550,1939-1544
TURKISH JOURNAL OF ZOOLOGY,1300-0179,1303-6114
International Journal of Spine Surgery,,2211-4599
ANATOMICAL SCIENCE INTERNATIONAL,1447-6959,1447-073X
CULTURE HEALTH & SEXUALITY,1369-1058,1464-5351
ENTOMOLOGIA EXPERIMENTALIS ET APPLICATA,0013-8703,1570-7458
MICROSURGERY,0738-1085,1098-2752
QUEST,0033-6297,1543-2750
REVIEW OF PALAEOBOTANY AND PALYNOLOGY,0034-6667,1879-0615
PHYSICAL & OCCUPATIONAL THERAPY IN PEDIATRICS,0194-2638,1541-3144
Surgery Open Science,2589-8450,2589-8450
NEOTROPICAL ENTOMOLOGY,1519-566X,1678-8052
AUSTRALIAN VETERINARY JOURNAL,0005-0423,1751-0813
JOURNAL OF AQUATIC ANIMAL HEALTH,0899-7659,1548-8667
PEDIATRIC ANESTHESIA,1155-5645,1460-9592
Translational Pediatrics,2224-4336,2224-4344
JOURNAL OF CONTINUING EDUCATION IN THE HEALTH PROFESSIONS,0894-1912,1554-558X
JOURNAL OF EXPERIMENTAL ZOOLOGY PART B-MOLECULAR AND DEVELOPMENTAL EVOLUTION,1552-5007,1552-5015
PEDIATRIC DENTISTRY,0164-1263,1942-5473
REPRODUCTION IN DOMESTIC ANIMALS,0936-6768,1439-0531
European Journal of Midwifery,2585-2906,2585-2906
CHRONOBIOLOGY INTERNATIONAL,0742-0528,1525-6073
EUROPEAN JOURNAL OF PHYCOLOGY,0967-0262,1469-4433
Turkish Journal of Fisheries and Aquatic Sciences,1303-2712,2149-181X
Developmental Neurorehabilitation,1751-8423,1751-8431
JOURNAL OF VETERINARY PHARMACOLOGY AND THERAPEUTICS,0140-7783,1365-2885
Turkish Archives of Pediatrics,,2757-6256
BIOMETRICS,0006-341X,1541-0420
BMJ Military Health,2633-3767,2633-3775
PLANT ECOLOGY,1385-0237,1573-5052
Journal of Korean Neurosurgical Society,2005-3711,1598-7876
Knowledge and Management of Aquatic Ecosystems,1961-9502,1961-9502
ANNALS OF THE ROYAL COLLEGE OF SURGEONS OF ENGLAND,0035-8843,1478-7083
Anaesthesiology Intensive Therapy,1642-5758,1731-2531
Libyan Journal of Medicine,1993-2820,1819-6357
SABRAO Journal of Breeding and Genetics,1029-7073,2224-8978
World Journal of Gastrointestinal Surgery,1948-9366,1948-9366
Biology Open,2046-6390,2046-6390
CONSERVATION GENETICS,1566-0621,1572-9737
Journal of the American Psychiatric Nurses Association,1078-3903,1532-5725
Annals of Hepato-Biliary-Pancreatic Surgery,2508-5778,2508-5859
International Journal of Health Economics and Management,2199-9023,2199-9031
NEW ZEALAND JOURNAL OF MARINE AND FRESHWATER RESEARCH,0028-8330,1175-8805
Pakistan Journal of Medical Sciences,1682-024X,1681-715X
EUPHYTICA,0014-2336,1573-5060
Nature Conservation-Bulgaria,1314-6947,1314-3301
REVISTA CLINICA ESPANOLA,0014-2565,1578-1860
Ethnobiology and Conservation,2238-4782,2238-4782
WEED TECHNOLOGY,0890-037X,1550-2740
JOURNAL OF PLANT NUTRITION,0190-4167,1532-4087
Open Life Sciences,2391-5412,2391-5412
Nature Conservation Research,2500-008X,2500-008X
Nursing & Health Sciences,1441-0745,1442-2018
TOPICS IN LANGUAGE DISORDERS,0271-8294,1550-3259
JOURNAL OF MAMMALOGY,0022-2372,1545-1542
JOURNAL OF ZOOLOGY,0952-8369,1469-7998
Augmentative and Alternative Communication,0743-4618,1477-3848
ZOOLOGY,0944-2006,1873-2720
BMJ Surgery Interventions & Health Technologies,,2631-4940
ADAPTED PHYSICAL ACTIVITY QUARTERLY,0736-5829,1543-2777
ECOLOGICAL ENTOMOLOGY,0307-6946,1365-2311
Journal of Comparative Physiology B-Biochemical Systems and Environmental Physiology,0174-1578,1432-136X
Mammal Research,2199-2401,2199-241X
HEALTH CARE ANALYSIS,1065-3058,1573-3394
Advances in Neonatal Care,1536-0903,1536-0911
Current Transplantation Reports,,2196-3029
PEDIATRIC SURGERY INTERNATIONAL,0179-0358,1437-9813
SURGERY TODAY,0941-1291,1436-2813
Annals of Surgical Treatment and Research,2288-6575,2288-6796
BULLETIN OF ENTOMOLOGICAL RESEARCH,0007-4853,1475-2670
Facial Plastic Surgery & Aesthetic Medicine,2689-3614,2689-3622
Japan Journal of Nursing Science,1742-7932,1742-7924
Journal of Veterinary Behavior-Clinical Applications and Research,1558-7878,1878-7517
JOURNAL OF CHILD NEUROLOGY,0883-0738,1708-8283
JOURNAL OF EQUINE VETERINARY SCIENCE,0737-0806,1542-7412
Journal of Hand Surgery-European Volume,1753-1934,2043-6289
Gland Surgery,2227-684X,2227-8575
WILDLIFE RESEARCH,1035-3712,1448-5494
ANNALS OF PLASTIC SURGERY,0148-7043,1536-3708
Journal of Exercise Rehabilitation,2288-176X,2288-1778
Research in Gerontological Nursing,1940-4921,1938-2464
ONDERSTEPOORT JOURNAL OF VETERINARY RESEARCH,0030-2465,2219-0635
Atencion Primaria,0212-6567,1578-1275
Journal of Child Health Care,1367-4935,1741-2889
Journal of Childrens Orthopaedics,1863-2521,1863-2548
ANZ JOURNAL OF SURGERY,1445-1433,1445-2197
CLINICAL NEUROLOGY AND NEUROSURGERY,0303-8467,1872-6968
Journal of Orthopaedic Surgery,1022-5536,2309-4990
Geriatric Orthopaedic Surgery & Rehabilitation,2151-4585,2151-4593
Pediatric Gastroenterology Hepatology & Nutrition,2234-8646,2234-8840
JOURNAL OF HELMINTHOLOGY,0022-149X,1475-2697
Tree Genetics & Genomes,1614-2942,1614-2950
Journal of the American Association of Nurse Practitioners,2327-6886,2327-6924
PEDIATRICS IN REVIEW,0191-9601,1526-3347
Women,,2673-4184
Journal for Specialists in Pediatric Nursing,1539-0136,1744-6155
Current Pediatric Reviews,1573-3963,1875-6336
ANNALS OF VASCULAR SURGERY,0890-5096,1615-5947
Innovations-Technology and Techniques in Cardiothoracic and Vascular Surgery,1556-9845,1559-0879
Journal for Nurses in Professional Development,2169-9798,2169-981X
Surgical Innovation,1553-3506,1553-3514
Holistic Nursing Practice,0887-9311,1550-5138
Hong Kong Journal of Occupational Therapy,1569-1861,1876-4398
BMJ Open Quality,,2399-6641
ENTOMOLOGICAL RESEARCH,1738-2297,1748-5967
JBJS Essential Surgical Techniques,2160-2204,2160-2204
Visceral Medicine,2297-4725,2297-475X
CONGENITAL ANOMALIES,0914-3505,1741-4520
IRISH JOURNAL OF MEDICAL SCIENCE,0021-1265,1863-4362
JOURNAL OF COMPUTATIONAL BIOLOGY,1066-5277,1557-8666
Annals of Medicine and Surgery,2049-0801,2049-0801
Open Medicine,2391-5463,2391-5463
Sao Paulo Medical Journal,1516-3180,
UPSALA JOURNAL OF MEDICAL SCIENCES,0300-9734,2000-1967
TOHOKU JOURNAL OF EXPERIMENTAL MEDICINE,0040-8727,1349-3329
Tzu Chi Medical Journal,1016-3190,2223-8956
Intractable & Rare Diseases Research,2186-3644,2186-361X
Journal of Medical Science,2353-9798,2353-9801
AURIS NASUS LARYNX,0385-8146,1879-1476
Journal of Special Education Technology,0162-6434,2381-3121
JOURNAL OF DEVELOPMENTAL AND PHYSICAL DISABILITIES,1056-263X,1573-3580
OTO Open,,2473-974X
Advances in Neurodevelopmental Disorders,2366-7532,2366-7540
Women in Sport and Physical Activity Journal,1063-6161,1938-1581
ZOOLOGISCHER ANZEIGER,0044-5231,0044-5231
CLINICAL OTOLARYNGOLOGY,1749-4478,1749-4486
Ichthyology and Herpetology,2766-1512,2766-1520
Journal of Bioethical Inquiry,1176-7529,1872-4353
ENVIRONMENTAL ENTOMOLOGY,0046-225X,1938-2936
PRIMATES,0032-8332,1610-7365
Journal of Vertebrate Biology,2694-7684,2694-7684
Pedagogy in Health Promotion,2373-3799,2373-3802
Journal of Veterinary Science,1229-845X,1976-555X
DEVELOPMENTAL DYNAMICS,1058-8388,1097-0177
International Journal of Art Therapy,1745-4832,1745-4840
Journal of Veterinary Research,2450-7393,2450-8608
Pediatric Physical Therapy,0898-5669,1538-005X
JOURNAL OF HYMENOPTERA RESEARCH,1070-9428,1314-2607
PHYSIOTHERAPY THEORY AND PRACTICE,0959-3985,1532-5040
TAXONOMY,,2673-6500
VETERINARY RADIOLOGY & ULTRASOUND,1058-8183,1740-8261
JOURNAL OF AMERICAN COLLEGE HEALTH,0744-8481,1940-3208
JOURNAL OF WOMEN & AGING,0895-2841,1540-7322
OTJR-Occupational Therapy Journal of Research,1539-4492,1938-2383
VETERINARY CLINICS OF NORTH AMERICA-EQUINE PRACTICE,0749-0739,1558-4224
WILDLIFE BIOLOGY,0909-6396,1903-220X
International Journal of Paleopathology,1879-9817,1879-9825
Journal of Sport Rehabilitation,1056-6716,1543-3072
PHYSIOLOGICAL ENTOMOLOGY,0307-6962,1365-3032
SEXUALITY AND DISABILITY,0146-1044,1573-6717
Open Access Emergency Medicine,1179-1500,1179-1500
ARTS IN PSYCHOTHERAPY,0197-4556,1873-5878
Journal of Advanced Veterinary and Animal Research,,2311-7710
THEORETICAL MEDICINE AND BIOETHICS,1386-7415,1573-1200
Behavioural Processes,0376-6357,1872-8308
INSECTES SOCIAUX,0020-1812,1420-9098
ACTA PARASITOLOGICA,1230-2821,1896-1851
JOURNAL OF GERONTOLOGICAL SOCIAL WORK,1540-4048,0163-4372
EDUCATIONAL GERONTOLOGY,0360-1277,1521-0472
LEARNING & BEHAVIOR,1543-4494,1543-4508
Progress in Rehabilitation Medicine,,2432-1354
PHYTOPARASITICA,0334-2123,1876-7184
SAUDI MEDICAL JOURNAL,0379-5284,1658-3175
International Journal of Osteopathic Medicine,1746-0689,1878-0164
Saudi Journal of Medicine & Medical Sciences,1658-631X,2321-4856
New Bioethics-A Multidisciplinary Journal of Biotechnology and the Body,2050-2877,2050-2885
INTERNAL MEDICINE JOURNAL,1444-0903,1445-5994
Iranian Journal of Medical Sciences,0253-0716,1735-3688
Medizinische Klinik-Intensivmedizin und Notfallmedizin,2193-6218,2193-6226
International Journal of Preventive Medicine,2008-7802,2008-8213
WIENER MEDIZINISCHE WOCHENSCHRIFT,0043-5341,1563-258X
Journal of Research in Medical Sciences,1735-1995,1735-7136
Career Development and Transition for Exceptional Individuals,2165-1434,2165-1442
Journal of Deaf Studies and Deaf Education,1081-4159,1465-7325
JOURNAL OF FLUENCY DISORDERS,0094-730X,1873-801X
International Journal of Developmental Disabilities,2047-3869,2047-3877
Journal of Intellectual Disabilities,1744-6295,1744-6309
Journal of Experimental Zoology Part A-Ecological and Integrative Physiology,2471-5638,2471-5646
Education and Treatment of Children,0748-8491,1934-8924
European Zoological Journal,2475-0263,2475-0263
World Journal of Otorhinolaryngology-Head & Neck Surgery,2095-8811,2589-1081
OTOLARYNGOLOGIC CLINICS OF NORTH AMERICA,0030-6665,1557-8259
Journal of Otology,1672-2930,1672-2930
ZOOLOGICAL STUDIES,1021-5506,1810-522X
Asian Herpetological Research,2095-0357,2095-0357
Journal of Audiology and Otology,2384-1621,2384-1710
VETERINARY RECORD,0042-4900,2042-7670
ZOO BIOLOGY,0733-3188,1098-2361
AMERICAN JOURNAL OF VETERINARY RESEARCH,0002-9645,1943-5681
Social Work in Public Health,1937-1918,1937-190X
VETERINARY DERMATOLOGY,0959-4493,1365-3164
Veterinary Parasitology- Regional Studies and Reports,2405-9390,2405-9390
INSECT SYSTEMATICS & EVOLUTION,1399-560X,1876-312X
Journal of Aggression Maltreatment & Trauma,1092-6771,1545-083X
VETERINARY IMMUNOLOGY AND IMMUNOPATHOLOGY,0165-2427,1873-2534
WOMEN & HEALTH,0363-0242,1541-0331
ETHOLOGY,0179-1613,1439-0310
PHARMACEUTICAL STATISTICS,1539-1604,1539-1612
JOURNAL OF BIOLOGICAL EDUCATION,0021-9266,2157-6009
LARYNGO-RHINO-OTOLOGIE,0935-8943,1438-8685
Journal of Yeungnam Medical Science,,2799-8010
South African Family Practice,2078-6190,2078-6204
JOURNAL OF NIPPON MEDICAL SCHOOL,1345-4676,1347-3409
MEDICINE,0025-7974,1536-5964
Revista de Investigacion Clinica-Clinical and Translational Investigation,0034-8376,2564-8896
Clinical Medicine & Research,1539-4182,1554-6179
JOURNAL OF ETHNOBIOLOGY,0278-0771,2162-4496
ARDEA,0373-2266,2213-1175
ZooKeys,1313-2989,1313-2970
ARTHROPOD STRUCTURE & DEVELOPMENT,1467-8039,1873-5495
Journal of Veterinary Cardiology,1760-2734,1875-0834
AMPHIBIA-REPTILIA,0173-5373,1568-5381
JOURNAL OF NEMATOLOGY,0022-300X,2640-396X
ACTA ORNITHOLOGICA,0001-6454,1734-8471
ACTA ZOOLOGICA,0001-7272,1463-6395
VETERINARY SURGERY,0161-3499,1532-950X
Subterranean Biology,1768-1448,1314-2615
JOURNAL OF ASIA-PACIFIC ENTOMOLOGY,1226-8615,1876-7990
JOURNAL OF VECTOR ECOLOGY,1081-1710,1948-7134
Topics in Companion Animal Medicine,1938-9736,1946-9837
AMPHIBIAN & REPTILE CONSERVATION,1083-446X,1525-9153
European Journal of Taxonomy,,2118-9773
LABORATORY ANIMALS,0023-6772,1758-1117
Statistics in Biopharmaceutical Research,1946-6315,1946-6315
AVIAN DISEASES,0005-2086,1938-4351
VETERINARY OPHTHALMOLOGY,1463-5216,1463-5224
ACTA ETHOLOGICA,0873-9749,1437-9546
ANNALS OF HUMAN BIOLOGY,0301-4460,1464-5033
Human-Animal Interactions,,2957-9538
Arthropod-Plant Interactions,1872-8855,1872-8847
REVISTA BRASILEIRA DE ENTOMOLOGIA,0085-5626,1806-9665
Acute Medicine & Surgery,2052-8817,2052-8817
NEW ZEALAND MEDICAL JOURNAL,0028-8446,1175-8716
Rambam Maimonides Medical Journal,2076-9172,2076-9172
Cureus Journal of Medical Science,,2168-8184
Revista da Associacao Medica Brasileira,0104-4230,1806-9282
ISRAEL MEDICAL ASSOCIATION JOURNAL,1565-1088,1565-1088
Colombia Medica,1657-9534,
PACHYDERM,1026-2881,
TIDSSKRIFT FOR DEN NORSKE LAEGEFORENING,0029-2001,0807-7096
Ardeola-International Journal of Ornithology,0570-7358,2341-0825
EXPERIMENTAL ANIMALS,1341-1357,1881-7122
JOURNAL OF RAPTOR RESEARCH,0892-1016,2162-4569
ORNIS FENNICA,0030-5685,0030-5685
Medical Anthropology,0145-9740,1545-5882
HYSTRIX-Italian Journal of Mammalogy,0394-1914,1825-5272
ZOOSYSTEMA,1280-9551,1638-9387
JOURNAL OF MOLLUSCAN STUDIES,0260-1230,1464-3766
AIDS EDUCATION AND PREVENTION,0899-9546,1943-2755
AUSTRALIAN MAMMALOGY,0310-0049,1836-7402
SALAMANDRA,0036-3375,0036-3375
Zebrafish,1545-8547,1557-8542
JOURNAL OF CRUSTACEAN BIOLOGY,0278-0372,1937-240X
Journal of Biopharmaceutical Statistics,1054-3406,1520-5711
HEALTH EDUCATION JOURNAL,0017-8969,1748-8176
SCOTTISH MEDICAL JOURNAL,0036-9330,2045-6441
JOURNAL OF NEUROLINGUISTICS,0911-6044,1873-8052
Avian Biology Research,1758-1559,1758-1567
International Journal of Biostatistics,2194-573X,1557-4679
AMERICAN MUSEUM NOVITATES,0003-0082,1937-352X
HELMINTHOLOGIA,0440-6605,1336-9083
Ochsner Journal,1524-5012,2831-4107
SAMJ SOUTH AFRICAN MEDICAL JOURNAL,0256-9574,2078-5135
Danish Medical Journal,,2245-1919
Journal of Postgraduate Medicine,0022-3859,0972-2823
Eurasian Journal of Medicine,,1308-8742
JBI Evidence Implementation,2691-3321,2691-3321
Anthropology & Medicine,1364-8470,1469-2910
Bratislava Medical Journal,0006-9248,1336-0345
Medeniyet Medical Journal,2149-2042,2149-4606
Journal of Osteopathic Medicine,,2702-3648
MILITARY MEDICINE,0026-4075,1930-613X
Internal Medicine,0918-2918,1349-7235
Agri-The Journal of the Turkish Society of Algology,1300-0012,1300-0012
Bangladesh Journal of Medical Science,2223-4721,2076-0299
Global Journal of Medical Pharmaceutical and Biomedical Update,,2765-8910
CLINICAL LINGUISTICS & PHONETICS,0269-9206,1464-5076
JOURNAL OF LEGAL MEDICINE,0194-7648,1521-057X
BULLETIN OF THE HISTORY OF MEDICINE,0007-5140,1086-3176
JOURNAL OF THE AMERICAN PSYCHOANALYTIC ASSOCIATION,0003-0651,1941-2460
PERSPECTIVES IN BIOLOGY AND MEDICINE,0031-5982,1529-8795
Asian Journal of WTO & International Health Law and Policy,1819-5164,
BULLETIN OF THE MENNINGER CLINIC,0025-9284,1943-2828
Psychoanalytic Study of the Child,0079-7308,2474-3356
JOURNAL OF THE HISTORY OF BIOLOGY,0022-5010,1573-0387
Journal of the History of the Neurosciences,0964-704X,1744-5213
Chinese Medicine and Culture,2589-9627,2589-9473
